nep4_zbl 2 Fe C 
zbl 1 2
cutoff 4.5 3.7 86 46 -1 -1 0.65
n_max 8 8
basis_size 8 8
l_max 4 2 0
ANN 100 0
 -1.2453244e-02
 -2.3279121e-02
  2.1745518e-02
  2.5615962e-02
  3.1642474e-02
  4.3938294e-02
  1.3437814e-02
 -1.7570719e-02
 -1.2324998e-02
 -1.3317647e-02
  6.7089655e-02
 -9.1554970e-03
 -1.0305662e-02
 -4.5055593e-03
 -5.6554735e-01
 -1.1261408e-02
 -1.0263225e-02
 -4.2487394e-02
  1.9090306e-02
 -4.8816036e-03
  1.9464005e-02
  2.4372952e-03
  3.7092183e-02
  1.1520721e-02
 -7.4394769e-03
  7.9775257e-03
 -3.0462751e-03
  7.7053584e-04
 -1.0978531e-02
 -1.5326588e-02
  3.6086604e-02
  8.2402043e-03
  1.6861865e-02
  4.2285675e-01
  6.5874853e-03
 -6.7488372e-02
  6.1955331e-03
 -3.6829107e-03
 -1.0543781e-02
  1.0285932e-03
 -7.9125501e-02
 -4.4950406e-04
  3.9207139e-03
  6.1250897e-03
 -8.9563010e-03
 -1.2199494e-02
  3.7558559e-02
  7.6620346e-03
  1.3968323e+00
  7.7569010e-03
 -4.1649723e+00
 -7.6430789e-03
  7.4222875e-03
 -8.9653665e-03
 -3.8634598e-02
 -2.5967511e-03
 -5.9303496e-02
  8.1695706e-02
  9.6819997e-03
 -2.6859581e-02
 -2.6089301e-02
 -2.4497681e-03
  2.3900684e-02
 -2.7457654e-02
 -3.0733848e-02
 -2.6225559e-02
  2.1875916e-02
  1.5264301e-02
 -2.9661721e-02
  4.4869293e-02
  3.8407609e-02
 -1.3018386e-02
 -1.7586723e-02
  1.9924071e-02
  1.7752582e-02
 -4.4372629e-02
  2.9901862e-02
  5.7540336e-03
 -5.6233153e-02
 -1.5877479e+00
  1.6790399e-02
 -8.5421307e-03
 -1.4866738e-02
 -2.5983602e-02
 -1.1645408e-02
 -3.5519749e-02
  9.2250928e-03
  2.5964808e-03
 -1.8744670e-02
 -1.8563958e-02
 -8.3775138e-03
 -2.2924603e-03
 -8.8124290e-02
 -2.8536174e-02
  6.3621225e-03
 -1.7435789e-02
 -3.7539471e-02
 -3.4164809e-02
  3.3104524e-02
 -1.5701463e-02
  2.8108830e-02
 -1.6994053e-02
 -3.9730091e-03
 -1.7762979e-02
  1.6404957e-02
  3.5965221e-03
  3.9977379e-02
 -3.6055003e-03
  2.5658197e+00
 -2.4989495e+00
 -5.6697887e-01
  2.8949165e+00
  1.7269468e+00
  1.2035469e+00
 -1.7136480e-01
 -1.1558412e+00
  8.8080829e-01
  2.7505231e+00
 -1.0917547e+00
 -4.0609138e-03
  3.9126510e-03
  1.9851220e+00
  2.1459182e-01
  7.1406591e-01
  1.0836937e-02
  2.3159596e-01
  8.2672732e-03
 -2.6681889e-03
 -1.5162270e+00
 -5.0385069e-02
  4.0969411e-03
 -2.4219879e-03
 -2.6205780e-02
  5.9129386e-03
  2.1259416e-02
  3.9637957e+00
 -1.3063917e-03
  7.2504701e-03
  8.1427807e-01
 -2.4124695e-02
  4.7706179e-03
  2.0005383e-01
  6.5021759e-01
  7.3387459e-02
  4.8894114e+00
 -1.9853771e-02
  3.6268681e-01
  4.1075014e-02
 -1.3725895e+00
  6.2288456e-02
 -1.0801169e-01
  4.5899668e+00
  2.1561768e-03
  3.8516544e-02
 -1.5868426e-03
 -1.9032041e-02
 -1.9148553e-03
  2.3236411e-02
 -2.0645449e-03
 -1.8546665e-02
 -7.7922788e-04
 -6.1722868e-03
 -1.0477567e+00
 -7.8851797e-02
 -6.4427483e-01
  1.9428262e+00
  1.6822091e+00
 -2.9534729e+00
  1.5985889e+00
  1.3108523e+00
 -9.2328477e-01
  1.1804017e+00
  1.9436479e+00
 -9.0867060e-01
 -3.7136648e-02
  3.0495510e+00
 -6.0713887e-01
  2.4864082e-01
 -2.2545228e+00
 -1.0795732e+00
  1.2988633e+00
 -2.0582790e-02
 -7.4475840e-02
 -4.3990417e+00
  6.5775521e-02
  4.8221609e-01
  2.4589555e+00
  1.0107258e-02
 -2.2058927e-02
  8.0625856e-01
  1.9518498e+00
 -2.5033319e-02
 -5.2312869e-03
  7.4630433e-01
 -1.3853026e-02
 -9.9731922e-02
 -2.0696712e+00
 -1.5802102e+00
 -2.5681691e+00
 -3.2132685e+00
  9.2919739e-03
 -1.9921938e+00
  1.3970592e+00
 -7.9650749e-03
  1.5650465e+00
  2.4201271e-01
 -1.6382475e+00
 -5.1292288e-01
  3.8339876e-02
 -1.0721376e-02
 -2.2846293e-02
  8.4812097e-02
  1.0424249e-02
  3.8123052e-03
  4.6901204e-02
  2.4708603e-02
  2.1583829e+00
  9.0543729e-01
 -1.5560348e+00
  2.1587859e-01
  5.4638779e-01
  2.2608051e+00
 -3.9126635e-01
 -6.8173593e-01
 -3.0445759e+00
  1.7442482e-02
 -3.9615613e-01
 -5.2200538e-01
  1.0805070e-02
 -2.2691395e+00
 -1.0559337e+00
 -2.6602602e+00
  2.4085050e+00
  1.6427801e+00
 -4.6998817e-01
 -5.8056023e-02
  7.7653266e-03
  1.6926957e+00
 -3.0370620e-01
  7.5309156e-03
 -1.3057887e-02
 -5.0567905e-03
  1.9946361e-03
 -7.4865729e-01
  6.1091958e-03
 -1.1401276e-01
  3.0761366e-04
 -2.0474610e-03
 -3.6157969e-02
 -2.1931216e-02
  6.5762532e-01
 -1.5105268e+00
 -1.3194833e+00
 -3.4281084e-01
 -7.8051947e-03
 -1.8883364e+00
  1.2966880e+00
  2.3444612e+00
  6.0157877e-01
  1.4692289e+00
  2.1887083e-02
  8.6990148e-02
  8.5840318e-03
 -4.4790408e-04
 -2.5368584e-03
  2.5682574e-02
  1.5162135e-03
  5.0555076e-03
 -1.6712019e-02
 -5.7143797e-03
  2.1421969e-02
 -2.6635893e-04
  3.7115868e-02
  1.2511300e-01
  1.0039665e-02
  3.9958928e-02
  6.1571669e-02
  1.5356628e-03
 -5.1285781e-02
  2.0932890e-02
 -1.3353873e-02
  9.4625158e-03
  2.1089463e-02
  5.8270043e-01
  2.4969634e-02
 -1.8876256e-02
 -5.6149489e-03
  2.7229862e-02
  8.4961429e-03
  1.9491650e-02
 -4.7676223e-03
  1.4477761e-02
  2.4383792e-04
 -1.1410631e-02
  2.9462215e-02
  2.0317825e-02
  3.0987067e-02
 -6.4674001e-03
  2.1888040e-02
  3.0371854e-03
 -3.5816729e-02
 -7.5634979e-03
 -5.9672291e-03
 -1.1994238e-02
  4.3875515e-03
  8.2385205e-03
 -2.0796001e-02
  1.2635399e-04
  2.5717033e-02
 -4.5765263e-01
  8.2343332e-03
  5.8531351e-02
 -1.0946937e-02
 -2.9775454e-02
 -1.1195964e-03
  1.6785447e-03
  4.6433695e-04
  6.8227621e-03
 -1.0159871e-02
 -9.1686593e-03
  5.3411401e-03
 -6.5736733e-03
  1.1040919e-02
 -1.0565278e-02
  6.2703848e-01
  1.9801885e-02
  7.7109390e-01
  5.1712193e-02
  5.4110522e+00
 -2.4664307e+00
  2.5888252e+00
  1.5558330e+00
  3.5328498e+00
  6.3531580e+00
  2.5370902e-01
  5.2324183e-02
 -5.2792490e-03
 -1.0739240e-03
 -7.2947321e-03
  2.5021448e+00
  2.7665782e+00
 -1.1530682e-02
 -8.7435758e-01
 -3.1222718e-02
  1.7761880e-03
 -2.2340529e+00
 -3.4009479e-02
  5.5429608e-02
 -1.1955336e-02
  2.3768458e-03
  6.7823105e-03
 -1.8090937e+00
 -9.1805613e-01
 -2.1819375e-03
  4.5985595e-05
 -3.4451399e-02
 -2.6523812e-02
  1.3521302e-01
 -2.3502491e-02
  9.0534173e-02
 -1.4017091e-02
  1.2124751e-03
  2.6621465e-02
 -5.9541396e-04
  1.6962809e-02
 -4.1064903e-02
  6.7826807e-02
  2.3400981e-02
  4.0102773e-03
  1.1103827e-02
 -5.1275175e-02
 -2.1598315e-02
  4.0933695e-03
 -3.9787944e-03
 -1.3672808e-02
  1.7346941e-03
  6.0209236e-03
 -5.5290785e-02
  2.7453916e+00
  1.1588545e-01
 -7.8107822e-01
  4.0268937e-01
  3.0266386e-02
 -2.8050759e-01
  9.0461278e-01
  3.7141165e-01
  7.8604482e-03
  7.9039586e-01
  1.6963124e-02
 -1.4586534e-04
 -2.8709227e-03
 -2.9691365e-01
 -4.2541297e-03
 -1.5870715e-02
  3.7167454e-01
 -4.9457473e-01
  1.7145786e-03
  2.8730216e-02
 -5.6911653e-01
 -1.8115997e-02
 -1.2091286e+00
 -1.0573946e-02
 -2.6316971e-02
 -1.6326163e-02
  1.1374027e-02
  1.1923545e-02
 -9.8327631e-03
 -2.7743364e-02
 -1.5500648e-02
 -2.9260965e-02
 -5.4888544e-03
 -1.4829423e-03
  2.8646950e-02
 -5.7305261e-03
 -4.8005499e-02
 -2.2682978e-02
 -2.3843728e-03
 -1.1079982e-02
  5.8434027e-01
 -1.6370906e-02
 -1.1509419e-02
 -1.3945682e-03
 -6.3936293e-02
 -1.5519038e-02
 -1.4324689e-02
 -1.9674225e-02
  3.3603610e-05
 -6.5358980e-03
 -7.3609906e-03
  1.2234671e-02
  5.1021446e-03
 -2.2052318e-02
  1.5995454e-02
  7.6684885e-02
  1.8794081e-03
  2.3573006e-02
 -2.4443522e-02
  1.7484704e+00
  3.8513001e-03
 -1.4935714e-02
 -4.1619050e-03
 -1.6523320e-02
 -2.4181432e-03
  2.6395195e-03
 -1.7367626e-02
  3.1257968e-02
  1.0142697e-02
 -5.1473182e-02
 -1.3673874e-02
  4.8416099e-01
 -5.1737040e-01
  7.1902429e-03
 -2.0990182e-02
  1.5059263e-02
 -4.8777810e-03
  3.2724336e-02
 -4.6878373e-03
 -3.4080879e-03
 -1.0046254e-02
 -2.0920703e-02
  7.1649961e-03
 -2.9506905e-02
 -1.1395758e-02
 -9.0436503e-02
 -4.8025241e-03
  8.4195202e-03
 -1.4544364e-02
  9.6378993e-04
 -6.3928440e-03
  2.6364686e-02
  3.0140791e-03
  1.1476394e-02
 -9.1927778e-03
  8.5503114e-03
 -5.7153590e-03
 -2.5836697e-03
  1.2827432e-02
 -2.0006137e+00
 -3.0764021e-02
 -5.2475813e-03
  1.0305140e-02
  2.5148895e-03
 -1.1908089e-02
 -3.3883741e-03
  1.9083492e-02
  9.4793566e-02
 -2.4499390e+00
  3.3549303e-01
 -9.9362355e-01
 -3.9310603e+00
 -9.3317753e-01
 -6.2679410e-01
  2.0937243e+00
  2.7845087e+00
 -7.1491688e-01
 -2.7398312e-01
  4.7506654e-01
 -3.1136882e-01
  2.4358587e+00
 -2.8098707e+00
 -1.5599140e+00
 -2.2417452e+00
  5.1040196e+00
 -8.3081883e-01
  1.0365797e+00
  1.5109404e-02
  2.7630615e-01
  7.5160288e-03
 -2.8186219e-02
 -1.9020696e+00
  5.4511923e-01
  2.1515553e+00
  5.7067142e+00
  9.7326213e-01
 -3.9415333e-02
 -1.5180273e+00
 -4.2537626e-02
 -5.1203050e-02
 -1.1764017e+00
  1.3452818e+00
 -3.1948056e-02
  1.4303185e+00
 -3.0762949e+00
 -3.6438003e-01
  8.4777641e-01
 -1.3567802e+00
  4.6056862e+00
 -7.9010463e-01
  2.8457391e+00
  3.6973378e-01
 -1.7966339e-01
  1.3644805e-02
  2.2929268e-02
 -1.3540643e-02
 -2.3581697e-02
 -2.1942202e-03
 -5.3879940e-03
 -8.4295946e-01
 -8.8601531e-03
 -6.9427833e-02
  4.9063513e-01
  2.3006661e+00
  2.7756498e+00
 -2.4346650e+00
  6.6159151e-02
  2.3628013e+00
  2.5370860e+00
  1.5858155e-02
  2.6984594e+00
  4.8812509e-02
  5.2696812e-01
 -5.3046554e-01
  4.0862370e+00
  4.3311445e-03
  3.3972636e-01
 -2.1311566e-02
  1.0891812e+00
  2.5949118e+00
 -1.3183040e-03
  8.4327683e-02
  1.9417017e-03
 -7.8483015e-02
  1.4897096e+00
  2.0372700e-02
 -1.5202364e-01
  1.0492232e+00
  1.6094687e+00
  4.3239961e+00
 -8.5440995e-03
  1.5372866e-01
  1.6783144e-02
  1.3287832e-01
  3.5616996e+00
 -1.0607156e+00
  1.2246066e+00
 -1.4559473e-02
 -2.5211701e-02
 -7.4152672e-03
  5.5258457e-02
  1.0527861e-01
 -9.2080067e-05
  2.7994671e+00
 -3.0928469e-01
  4.5454282e-01
 -1.0676336e-02
 -1.0101738e-02
  1.0167969e-02
 -2.4526245e-03
 -8.9468034e-03
 -4.4907331e-03
 -5.0261598e-03
 -2.1274827e-02
 -9.5213108e-02
  2.0992303e-02
 -3.1262971e-02
  2.8778934e+00
 -1.8277256e+00
  3.4874251e+00
  9.4170481e-01
 -4.3681565e-01
 -2.6281478e+00
  1.2919774e+00
  1.7480099e+00
  2.1096461e-01
 -1.0694926e-02
 -3.4007174e-01
  1.1396089e+00
  1.3063858e+00
  6.6395272e-03
  3.4585989e-01
 -6.3636355e-02
 -1.2379064e-01
  6.7980993e-01
 -5.5950661e-03
 -4.6113431e-02
 -2.5023613e+00
  3.1082082e+00
  7.6479949e-03
  2.4500586e-02
  2.1178372e-01
 -2.5184844e+00
 -5.6018651e-01
 -1.0700846e+00
 -6.4156097e-03
 -9.4731265e-01
  1.8025239e+00
 -4.0029758e-03
  1.9329008e+00
  2.0781548e+00
 -1.0012875e+00
  4.2905921e-01
 -5.6502703e-03
  8.6885281e-03
 -5.4986918e-01
 -2.8962158e-02
  1.3637333e-02
  1.0628732e+00
 -3.5153687e+00
  9.2581755e-01
 -3.7540353e-03
  3.4388054e-02
  2.1428647e-03
 -6.8218037e-02
  4.1422214e-02
  9.8470058e-03
  3.5113227e-02
  6.5844757e-03
  2.6048468e-02
 -4.7886349e-02
 -1.1693887e+00
 -4.8591051e-01
 -3.1643346e-01
 -2.3147345e-03
 -5.1397659e-02
 -1.0512139e-02
  1.9373801e-02
  3.2287054e-02
  6.8106046e-03
 -4.5931768e-03
  1.6928552e-02
  1.4124135e-02
  9.5754154e-03
  3.2402884e-02
 -4.2623717e-02
  4.1260920e-03
  2.3315456e-02
  8.8753318e-03
 -6.5485188e-03
  3.9699534e-03
  4.6067521e-02
  2.6380159e-03
 -1.2093110e-02
 -5.2570398e-03
  1.5044575e-02
 -3.8986009e-02
  7.0070201e-03
  4.7985413e-03
 -8.3155651e-03
 -5.6699882e-03
  2.8254059e-03
  3.8906429e-03
  1.1857165e-03
 -2.4692178e-02
  6.4994385e-03
 -2.2355085e-03
  3.5164177e-02
 -1.1352310e-02
  5.7140864e-03
 -2.6329089e-02
 -9.4114989e-03
 -8.0904337e-03
  2.9675551e-02
  5.9408871e-03
 -1.2580534e-02
  1.8411469e-02
  2.7828045e-02
 -7.7294265e-03
 -1.8331358e-02
 -1.8732518e-02
 -1.3014227e-02
 -3.0729002e-03
  2.6640411e-02
 -3.4711635e+00
  1.4398739e+00
 -1.1050272e+00
  1.2454851e+00
  4.2646861e+00
  4.7015709e-01
 -2.5707722e+00
 -3.9158154e+00
 -3.2163091e-02
  1.6390233e-03
 -7.2672248e+00
 -1.7035877e-03
  1.3012542e-02
  6.7547393e-01
  2.0067805e-02
 -1.9943736e-01
 -5.4884646e-03
 -1.0577247e-02
  1.8230945e-02
 -2.7639077e-03
  2.8227081e+00
 -3.9706742e-03
  8.6981002e-03
  5.8606084e-02
 -2.2979818e-02
  8.7645296e-03
  1.3616263e+00
  4.5097037e-03
 -1.1393218e-02
 -2.1541175e-02
  1.4194413e-02
 -1.3604898e-02
  2.6620211e-02
  1.3644391e-03
 -4.1498193e-03
  2.8515501e-02
 -1.2220098e+00
 -1.7888432e-03
  1.0296131e-02
 -2.4146631e-03
 -3.8861059e-02
  1.6394118e-02
  8.4398622e-03
 -3.7962520e-03
 -2.5096973e-03
 -9.7457757e-03
  2.3947677e-02
  1.5005811e-02
  4.3276924e-01
 -9.6913002e-04
  3.6355009e-04
  3.1666127e-03
 -6.7063454e-03
 -1.1273484e-02
 -1.0882857e+00
 -7.7501319e-02
  8.4094461e-03
  1.9545441e+00
 -1.4522211e-02
  1.0178758e+00
  3.8068275e+00
 -1.5041976e-02
 -1.6390238e+00
  3.4312732e+00
 -1.0329182e+00
  8.6277939e-02
 -7.3900133e-01
 -3.5112855e+00
  9.8039860e-01
 -5.1729381e-01
  1.0965327e+00
  4.0983935e-03
  4.3046284e+00
 -1.8198080e+00
 -4.8879039e-02
  1.2270014e+00
 -4.1607971e+00
  4.0395021e-01
 -2.3360441e-03
  1.2315255e+00
  1.8817369e+00
  1.7355667e+00
 -2.2489359e+00
  9.5821291e-01
  1.4481119e+00
 -3.7565281e+00
  2.6685293e+00
 -1.4926836e+00
  3.3605704e+00
 -2.9642701e-01
  3.8980656e+00
 -7.9615700e-01
  8.5545450e-02
  1.2989645e+00
 -2.4755604e+00
  2.0240569e-03
  2.8967478e+00
  1.1029576e+00
  6.6842780e-02
 -1.2656993e-02
 -1.1973545e-02
 -2.7353284e-03
 -2.9646933e-02
  4.3672058e-03
 -5.4523922e-03
 -5.8400910e-03
  2.9331360e-02
 -3.8660187e-02
 -9.0579148e-03
  3.3873126e-03
 -2.2999328e-03
 -9.1615684e-02
  3.2135719e-03
  8.4393909e-03
  1.6157154e-04
 -1.7055190e+00
  1.1862965e-02
  8.9066857e-03
 -5.8079842e-03
  3.0415158e-03
 -1.5938189e-02
 -1.5490423e-02
 -1.1278472e-02
  2.1506431e-02
 -1.1739059e-02
  1.9629176e-03
  4.1701496e-02
  2.9725695e-02
 -6.7146798e-03
  2.6067586e-03
  2.6891446e-02
 -2.0547079e-02
 -1.8794730e-02
  3.0338788e-02
  3.9781701e-02
  9.7659864e-03
 -2.4555597e-04
  1.6515950e-02
  1.6804038e-03
  3.5609987e-02
 -1.0995192e-02
  5.1986389e-03
  2.6408307e-02
 -1.6757157e-02
  3.0470517e-02
 -5.2299979e-03
  4.4692564e-03
  4.4027134e-03
  1.2616809e-02
 -1.4774155e-02
 -2.3446358e-03
  7.6295971e-03
  4.3108640e-03
  1.8419813e+00
  6.9554765e-03
  3.3607714e-02
 -1.3335844e-02
 -1.1554283e-02
 -1.9028490e-02
  3.1431573e-03
  5.1893536e-03
  7.5270161e-03
  2.3068893e+00
 -1.7545779e+00
 -1.2487739e+00
 -8.1198013e-01
  1.4585648e-01
 -4.5468813e-01
  5.6055486e-01
  2.7777621e-01
  3.1674590e+00
  2.2454002e+00
  2.7801499e+00
 -6.2493199e-01
  7.4871719e-01
  2.6470777e-01
  3.2770696e+00
 -1.1955864e+00
  3.2775009e-01
  7.7123931e-03
  5.5486455e+00
  1.3746989e+00
 -9.6094823e-01
 -2.0219715e+00
  3.1866911e-01
 -3.6614769e+00
  6.9209367e-01
 -1.4703467e+00
  1.7760741e+00
  2.7211595e+00
  1.8732240e+00
 -2.2205434e+00
 -6.4882225e-01
  1.3522321e-01
 -1.2155150e+00
  5.6943502e-02
  1.1750488e-01
  8.9468873e-01
 -3.9251971e-01
  1.1200843e-01
 -1.7291132e-02
 -6.6790515e-01
  2.2604554e+00
  3.8019234e-01
  3.7096651e+00
 -2.3869308e-02
  9.7749156e-01
 -4.9361232e-01
  4.1100964e-01
  1.5801573e-03
  7.5701992e-03
 -1.0445126e-02
  3.6460170e-04
 -3.2050335e-01
  3.8822433e-03
  2.0684183e-02
 -1.2861768e+00
 -9.5613683e-03
 -5.1443866e-03
  3.4859607e+00
 -7.2713798e-01
 -6.1422503e-01
 -5.8718783e-01
  2.6787591e-01
 -2.1103127e-02
  1.4350297e-01
 -1.3724858e-02
 -6.8271724e-03
 -5.4582763e-03
  3.5249159e-02
  6.1994772e-03
 -1.2855275e-02
  1.3004576e-01
  5.3739292e-03
 -2.5839519e-03
  5.4768406e-02
  5.5658501e-03
  2.4162892e-02
  1.3370500e-02
  6.9622793e-03
 -4.4512186e-02
  4.7360682e-03
  2.0468367e-02
  1.7023603e-02
  1.3436672e-02
  3.7185013e-02
  2.0870004e-02
 -4.4318374e-02
  9.5744932e-04
 -8.9895083e-03
  1.1732918e-03
 -3.3816796e-02
  1.4931147e+00
 -4.5524966e-03
 -1.2208002e-02
  3.1460410e-03
  8.1527103e-03
  1.6328149e-02
 -2.3318952e-01
  2.2142784e-01
 -6.0886398e-02
  2.5544439e-03
 -1.3329807e-02
  1.4637295e-02
  3.2196634e-02
 -3.9022431e-02
  3.1716430e-03
  1.7725684e-02
  1.3710054e-02
  1.5833098e-03
  2.8007765e+00
  1.6887600e+00
  1.2708173e+00
 -2.1318378e+00
 -1.3254284e+00
  2.3852113e-01
 -9.1269708e-01
  2.7818115e+00
  1.9818007e+00
  7.8882331e-01
  1.2540255e+00
  2.4278690e-03
 -2.0002972e-02
 -4.9074832e-01
  1.2734068e-02
  1.7068361e-01
  5.8292079e-01
  2.8093916e-01
  6.2256507e-03
  2.2995157e-02
 -1.1090202e-02
 -4.3049596e-02
  5.5452450e-03
 -4.1726917e-01
 -1.0693206e+00
  9.6383002e-03
  2.0038629e+00
  3.5156611e-02
  1.4237885e-02
  4.9446323e-03
  9.3962690e-03
  3.9171050e-03
  1.0000052e-02
 -1.8685804e-01
  2.0732456e-03
  4.6894580e-01
  1.1129035e+00
 -7.0675666e-04
  6.9131525e-03
  3.5934787e+00
 -2.7849941e-02
  1.7192998e-03
 -1.4104009e+00
  2.5237279e+00
 -2.6203477e-01
 -1.6711500e-03
  3.5230909e-03
 -3.1402282e-02
 -2.5191286e-03
 -7.8270938e-03
 -2.5406355e-02
  1.9730660e-03
 -9.7422395e-03
 -1.1887457e+00
 -3.7875798e-01
  5.1607764e-01
  2.2183278e+00
 -1.5921702e+00
 -5.0128198e-01
 -1.6082189e+00
  9.2570370e-01
  1.0362116e+00
 -6.6585392e-01
  7.4126460e-02
 -3.6601438e-03
  4.6109620e-02
 -6.5287083e-01
  1.4571924e+00
  2.1032381e+00
 -6.5601408e-03
  1.0250639e+00
 -1.5451285e-01
  5.0582998e-03
 -2.9386286e-02
  6.5533449e-03
 -1.5731867e-03
  6.6170096e-02
  1.1552202e+00
  1.4118632e+00
 -8.2405575e-02
 -3.4875995e-01
  3.4228184e+00
 -1.5668917e-02
  1.7410856e-02
  5.8275613e-04
 -7.4874394e-02
 -1.0691788e-03
  8.8026017e-02
  1.7358639e-04
  3.0934988e-02
  4.2510577e-02
  8.9924308e-03
  3.7039265e-02
 -6.7968862e-03
  2.6505303e-02
 -1.3206646e+00
  1.4623773e+00
  3.9141384e-01
 -1.8155180e-02
 -1.4985642e-02
  2.7355063e-01
  1.4908028e-02
  2.4986003e-02
  5.4485593e-03
 -1.2431647e-02
  3.9430462e-02
 -2.8539838e-02
  3.5826713e-02
  1.8387482e+00
 -1.4115424e+00
 -6.9796443e-01
 -9.6123266e-01
 -1.4623146e+00
  2.7871439e-01
 -3.2519362e+00
  3.2061071e+00
 -1.0263755e+00
  1.9398719e+00
  3.6199756e-06
  2.7056460e+00
  2.0840116e+00
 -2.5801861e-01
 -4.4816253e-01
 -4.6740177e-01
 -4.9112909e-02
  1.2257773e+00
 -8.6988586e-01
  1.3791195e+00
  1.6692151e+00
  3.4271213e-03
  3.1911585e-01
  3.1528974e-01
  9.3469389e-02
  8.9578815e-03
 -6.0633528e-03
 -8.3810696e-03
  1.7979039e-01
 -8.5675436e-01
  5.6909166e-02
  1.5359147e+00
 -2.2341669e+00
 -5.9603065e-01
  3.4027699e-01
 -9.3418604e-01
  1.4471329e+00
  4.6129284e+00
 -1.3910405e-01
 -1.2583990e+00
  3.8937755e-02
  3.8983172e-01
 -1.9146709e+00
 -1.9408783e-01
 -3.3197482e+00
 -5.7462402e-02
  2.5785090e-02
  2.9888162e-03
  1.6679022e-03
  2.9956158e-03
  4.1644819e-02
 -1.9855507e-01
 -4.6038780e-01
 -1.0982398e+00
 -1.0241492e+00
 -5.7697278e-03
  9.0018727e-02
  1.3762934e-03
 -1.2400030e+00
 -4.6491587e-01
 -2.2041337e+00
  1.6804313e-02
 -1.0182716e-02
 -1.0124125e-02
 -1.1077718e-02
 -1.1793795e-02
 -1.2166177e-02
  9.4810883e-03
 -7.0897914e-02
  1.5367900e-02
 -6.2083104e-03
  6.0510561e-03
  1.3849021e-02
  6.2513910e-03
 -1.8056264e+00
 -1.0337066e-03
  1.6421027e-02
 -1.3138976e-02
 -2.5836103e-02
 -1.8076880e-02
  7.5457119e-03
 -3.2213505e-02
 -2.5146960e-03
 -5.8707334e-03
  1.0876864e-02
 -2.0347543e-02
  4.3295745e-02
 -1.6446093e-02
  1.4255321e-02
  2.6021516e-02
  8.2256142e-03
  7.8640133e-04
 -6.0988148e-03
 -2.6055058e-03
 -7.0709372e-03
 -1.0457647e-02
 -1.6695672e-03
 -6.0723750e-03
 -2.9361632e-02
  1.0404410e-02
 -1.1206201e-02
  1.2830108e-03
 -1.2355226e-02
  3.1018967e-02
 -1.5909348e-02
  1.2618134e-03
  4.8857233e-03
  7.2183255e-03
 -3.6603329e-04
  3.8109355e-02
 -1.3833289e-02
  1.7158912e-02
 -4.2473287e-03
 -4.2435608e+00
 -1.5200133e-02
  1.7461582e-01
 -4.3774590e-02
  1.7623214e-02
  3.8313325e-02
  1.6372439e-02
 -3.4491463e+00
  8.8840358e-02
 -9.2268400e-03
  6.4933379e-03
 -7.6637808e-03
  1.9661855e-02
 -1.0636582e-03
 -3.4281790e-02
  6.6254232e-03
 -3.0730857e-02
 -4.1746683e-02
 -4.9722185e-03
 -4.0426035e-03
 -2.3465473e-03
 -2.0225236e-02
 -2.4159763e-02
  7.2450070e-03
 -5.1456428e-04
 -5.5324328e-03
 -1.3353747e-02
 -1.5831122e-02
  1.3455164e-02
 -2.4928947e-03
  1.9600471e-02
  3.2407278e-03
 -1.1281729e-02
  3.0829577e-02
 -7.8160521e-03
 -3.2460645e-03
  2.2683533e-02
  3.3366929e-03
 -1.1984642e-04
  2.0046374e-02
  1.8866358e-02
  3.4412697e-02
  1.2076128e-02
 -1.3191015e-02
  1.9691810e-02
  4.5399303e-03
  2.4423396e-04
  3.4950070e-02
 -8.0742911e-03
  6.0766838e-03
  2.1502314e-02
 -5.3658094e-03
 -5.0312583e-03
 -4.3539470e-03
 -4.4755447e-03
 -9.4087434e-01
 -3.7540994e-03
  5.9790583e-03
  1.0448306e-02
  8.8803153e-03
 -4.4074384e-03
 -4.8590121e-03
  2.4143681e-02
  1.5509812e-03
  4.3004289e-01
  2.7197782e-02
 -9.9333450e-03
 -1.5085443e-02
 -4.8390813e-03
 -1.5291189e-02
 -7.4302875e-02
  1.5170135e-02
  4.8168423e-03
  2.0184422e-02
 -3.7627932e-02
 -2.2521917e-02
 -3.3800546e-03
  1.6704269e-02
 -7.1000615e-03
 -2.8700130e-03
 -9.9752415e-03
 -2.8561475e-02
 -2.9779643e-02
  8.1490707e-03
 -3.0204207e-03
 -3.6183864e-02
  1.4221540e-02
 -2.5291469e-02
  1.4529680e-02
 -7.8788279e-03
  2.8733743e-02
  2.1924833e-02
 -1.6992165e-02
  1.8711509e-02
 -7.9325605e-03
 -2.6759680e-02
 -8.1448741e-03
 -7.8110024e-03
 -1.2378490e-02
  2.1423792e-02
 -1.9897420e-02
 -2.6924131e-03
  6.4832917e-03
  5.9365118e-01
 -2.3767166e+00
  1.6576378e+00
  1.9857235e-01
  1.0342519e+00
  2.3544433e+00
 -4.6073964e-01
 -3.4086463e-01
 -2.0016384e+00
 -3.3750117e+00
 -6.5501691e-03
 -1.4755011e+00
  7.8847939e-03
  3.1744760e-02
 -1.2049595e-01
  2.6898184e-01
  2.5627708e+00
  1.0968047e-01
  1.0779455e-01
  1.9860573e+00
 -7.7080387e-01
 -4.8931050e+00
 -1.1424326e+00
 -9.9145156e-01
  6.5503046e-02
 -8.5434886e-03
 -2.3524920e-02
  9.4359651e-02
  1.5375742e+00
 -7.4308211e-01
  1.7107592e+00
 -2.8894607e-02
 -2.8903224e-02
 -1.5876256e+00
  9.1680415e-02
  5.8413762e-01
 -4.3473729e-01
  7.3711462e-03
  4.6573629e+00
  9.1122231e-03
  2.0522017e+00
 -3.3001803e-02
 -4.8049924e-01
  2.8039002e+00
 -8.4633511e-01
 -8.6038995e-01
 -7.8899562e-02
  9.8006604e-03
 -4.9021398e-03
  2.2675566e-02
 -2.5583711e-02
  5.0370973e-02
 -8.0207111e-03
 -2.7314115e-03
 -3.6819088e+00
  2.7064206e-02
  5.2993391e-03
 -5.3781368e-02
 -1.5507186e-02
 -7.3397972e-02
 -1.0393821e-02
  1.3461326e-04
  1.6691737e-03
 -1.7414832e-02
 -2.2500435e-04
 -4.4974652e-03
  5.4050237e-03
 -1.1759199e-03
 -5.2544829e-03
  8.7410891e-03
 -4.4292733e-02
  2.0562850e-02
 -4.9732043e-03
 -1.7414564e-02
  3.2647107e-02
 -5.4612774e-03
  1.0147460e-02
  1.1718367e+00
  2.2035211e-02
 -8.8311884e-07
  3.0648563e-02
 -1.2706219e-02
  2.1463903e-03
  1.7495411e-02
 -6.4733690e-03
 -1.1334211e-02
  2.9490490e-02
 -6.7810328e-03
 -3.0896211e-02
  1.4960160e-02
  7.5998325e-03
 -1.3259971e-02
 -1.5647577e-02
 -7.6578043e-02
 -1.0741095e-02
 -6.0926843e-03
 -1.8666426e-02
  6.8284891e-04
  3.0439461e-02
  1.0739089e-02
 -3.0714005e-02
 -4.6374030e-02
  1.3220910e-02
  7.1478453e-03
 -9.8425965e-04
 -1.8686116e-02
 -2.4048144e-02
 -1.2964969e-02
  5.4305454e-04
  2.2748051e-02
  1.9387562e-03
  6.3079670e-03
 -6.7328182e-03
  5.8433596e-02
  3.9440177e-02
 -3.2975082e-03
  1.3687496e-02
 -8.5208733e-03
 -1.9858012e-02
 -1.7786255e-02
 -2.5689733e-01
  2.7543020e-02
  2.1752818e-03
 -1.7511383e-02
  2.1338411e-02
  3.2488074e-02
 -1.4702272e-02
  6.9297903e-04
  9.0698991e-03
 -5.8623277e-02
 -1.3362870e-03
  1.7799381e-02
  3.2566067e-02
 -2.7608830e-02
  1.9123176e-02
 -4.3423597e-02
 -2.8867258e-02
  9.5994687e-03
 -6.8857176e-03
 -1.0291585e-02
 -8.3290637e-03
  1.9608666e-03
  8.6428383e-03
 -9.7045312e-03
  6.2404908e-03
  6.6670693e-02
 -1.7178409e-02
  7.4012885e-03
 -8.1846491e-02
 -5.0960192e-03
  4.2995913e-03
 -3.8974974e-02
  2.8378225e-03
 -2.5211986e-02
 -1.0477819e+00
 -2.2607017e-02
  3.1952643e+00
  7.8734046e-01
 -1.7169474e-03
  2.5144022e-02
 -6.7020226e-03
  6.5396372e-03
 -3.4874793e-02
 -1.6438359e-02
 -2.5050791e-02
 -1.1503647e-01
 -1.7690742e-02
 -8.0495827e-02
 -6.0178246e-02
  1.0271803e-02
  6.0818554e-03
 -8.0339080e-03
  1.1191527e-02
  1.6972922e-02
  1.5732719e-02
 -1.9506140e-02
  3.7642241e-02
 -8.6533343e-03
 -2.1446990e-02
  4.5764283e-03
 -2.4901932e-02
  6.2932342e-02
  1.7609678e-02
 -1.6387835e-02
  9.8427720e-03
  6.3084960e-03
  7.7434663e-05
 -1.8656377e-02
 -4.7018570e-03
  1.5140019e-02
 -1.8734232e-02
 -2.7705617e-03
 -3.7105139e-02
 -1.1873573e-02
  1.2029530e-02
  1.7917333e-02
  4.6465892e-02
  6.8566948e-03
  1.9021753e-02
 -1.4690923e-02
  3.2330542e-03
  3.0489576e-01
 -7.4289754e-02
 -2.8584762e-03
 -4.7618365e-03
  6.6799680e-03
 -1.8323858e+00
 -2.2884071e-02
 -1.9889297e-03
  1.8209245e-03
 -1.0095431e-02
  1.5174897e-02
 -3.4111790e-02
 -9.7316392e-03
  2.5876580e-02
 -4.1032974e-02
 -2.6499629e-01
  2.5378635e+00
  2.1575644e+00
  1.6064467e+00
 -3.2399508e-01
  5.0523777e+00
 -2.3333466e+00
  4.8800631e+00
  1.6433247e+00
 -1.6724632e+00
  2.6060527e-02
  2.7756221e+00
 -8.1483912e-01
 -2.0259168e+00
 -9.6721584e-01
 -5.3637272e-01
  4.5627522e+00
 -2.1973882e+00
 -1.1235890e+00
  2.8468364e-01
 -1.6181506e-01
 -9.4186264e-01
  3.1352840e-02
  9.0243518e-01
 -3.2043076e-01
  4.2501278e-02
  2.9368275e-01
 -5.7313359e-01
  8.4757671e-02
  1.1351544e-02
 -3.4471471e+00
  1.0640464e+00
  4.1250985e-02
  1.0633593e+00
  8.8923997e-01
 -4.7653794e-01
  2.1779518e+00
  1.5428731e+00
 -7.6022763e-03
 -1.1686983e+00
 -6.8730682e-01
  9.4264820e-03
  3.9485657e-01
 -6.0946236e+00
  7.9409575e-01
 -2.0490123e-02
  2.3357566e-02
  7.1951523e-03
 -4.1866038e-02
  6.7264368e-03
 -1.6445499e-02
  2.3806153e-02
  7.7559324e-03
  5.4379153e-01
  7.4006379e-01
  1.6891252e-02
 -2.0640764e-02
  2.8318486e-01
  6.1738840e-03
  5.4399244e-02
  7.1332976e-02
 -1.3581854e-02
 -2.1754799e-02
  1.1036295e-02
 -4.3198131e-03
 -1.2379928e-02
  2.5643038e-02
 -1.2141478e-03
 -3.0193979e-02
  1.3848750e-02
 -3.8891211e-02
 -6.0513686e-02
 -3.5454037e-03
 -5.7323943e-03
 -6.6658296e-03
  7.6892208e-03
 -2.2439132e-02
 -8.9257233e-02
  6.4416202e-03
  2.3958661e-02
 -5.6033907e-03
 -3.6020181e-03
  3.4264751e-02
  7.5775003e-03
 -4.0145768e-03
 -1.4001989e-02
 -1.1722051e-03
  1.1322431e-02
 -3.0222220e-02
  7.7445075e-02
  7.7319397e-03
  2.5998240e-02
 -2.0520160e-02
  4.4270352e-01
  7.7661997e-01
  7.4855406e-03
 -3.4754727e-02
  2.3021029e-02
 -1.3557018e-02
 -2.8768396e-03
 -6.2336260e-03
 -6.5501654e-03
 -2.5526918e-02
  3.6990843e-03
 -1.0097777e-02
 -9.2082354e-04
 -2.3222663e-02
  2.6531348e-02
  3.3129800e-02
  5.9093437e-03
 -6.8094861e-03
 -1.0288113e+00
 -5.5622989e-03
 -4.1591590e-03
  1.2099227e-02
  9.7080544e-03
 -1.1103808e-02
 -3.5979840e-04
  6.7762218e-02
  4.2931926e-03
 -8.4769428e-03
 -1.5618009e-02
  1.0133921e-03
 -4.9898554e-02
  2.5076620e-02
  9.3543623e-03
  1.6636185e-02
  1.5768467e+00
  8.7469500e-03
  1.8842179e-02
 -2.0745412e-02
  4.2261314e-02
 -1.7860208e-02
  7.7694710e-03
 -2.2528587e-02
 -1.3482920e-03
  1.1186010e-01
  1.0015071e-02
  1.1359458e-02
 -3.8184121e-03
  2.6669869e-02
 -1.3050487e-02
  2.7106376e-03
 -1.9938819e-02
  2.4651172e-02
 -2.9346202e-02
  3.1199364e-03
  2.0911684e-02
 -1.1595483e-02
  3.8888061e-03
 -9.1582350e-03
  1.2040516e-02
  2.8538082e-02
 -4.2232778e-03
 -1.3503506e+00
 -3.3324275e-02
  4.8912494e-03
  1.5868756e-03
  1.7675489e-02
  8.7671783e-03
 -2.2823311e-02
  1.1061551e-02
  3.8992800e-02
  6.7010678e-02
  3.3619526e-01
  2.8468975e-01
 -1.0310180e-02
  7.6511824e-01
  7.5104535e-02
 -4.8891548e-02
 -1.0445426e-01
  5.4443670e-03
 -3.1288110e-02
 -7.6684873e-03
  2.2760069e+00
 -3.3373414e-03
  8.3375294e-03
 -1.0643026e-02
 -1.5730336e-02
 -7.3390356e-03
 -1.9728218e-03
 -2.4638465e-02
 -3.7858810e-04
 -8.1925206e-03
 -1.5596635e-02
 -3.9067781e-03
  3.2204419e-02
 -5.7677948e-03
 -9.0633444e-03
 -6.8360073e-03
 -6.5426123e-03
 -2.1656416e-03
 -2.1980524e-02
 -1.2559006e-02
  1.4808155e-02
 -5.4513286e-03
  2.7877441e-02
  3.5121374e-02
 -3.5854351e-02
 -1.4385881e-02
 -1.6108340e-02
 -5.0906385e-03
 -1.6623255e-02
 -3.2319112e-03
 -4.2915348e-02
  5.6574034e-04
 -3.8650226e-02
  4.7537349e-02
  1.4441368e-02
  2.6377120e+00
  1.4537071e-02
 -3.4897268e-02
  1.2084764e-02
 -1.1951295e-01
 -1.2547810e-02
 -2.3251667e-03
  2.1385734e+00
 -1.7620571e+00
  5.5493516e-01
  2.1617320e+00
  2.7890193e+00
  2.4766999e-01
 -5.3055454e-02
 -9.2771751e-01
 -2.4349324e-01
 -8.3161935e-02
  1.9476364e+00
 -1.0576367e+00
  5.9947371e-01
 -4.2491955e-01
 -1.0296305e+00
  1.4018364e+00
  2.8649426e+00
 -8.2534127e-02
 -1.3277043e+00
 -4.4047954e-03
 -4.5371100e-02
  9.0055011e-02
  2.9766503e-01
  9.3431715e-03
 -9.4990844e-01
  8.8011450e-01
 -7.0866422e-06
  6.9491345e-01
 -3.1019044e+00
 -7.2984719e-03
  4.8500197e-03
 -7.1859461e-01
 -2.0826345e-02
  4.4586815e-04
  1.7097524e+00
  1.5600535e-02
  6.7378432e-01
 -1.4563802e-02
  3.6158642e-01
 -2.9722986e-01
  1.5566645e+00
 -7.0046985e-01
 -8.0437225e-01
  1.4022514e+00
  1.7944143e+00
  3.8941216e-02
 -1.3224500e-01
 -3.6889638e-04
 -2.2459589e-02
  1.7595319e-02
 -4.1766444e-01
  2.8241187e-01
 -8.0013799e-04
  3.5674033e-01
  3.5907671e-02
 -1.5941955e-02
 -1.4823307e-02
 -2.0395634e+00
 -9.4189157e-04
 -7.2756512e-03
 -3.0086363e-02
  1.1494571e-02
 -7.0868753e-02
  2.8320428e-02
 -1.4541880e-03
 -1.3593931e-02
 -4.3216869e-02
  3.2287735e-02
  1.7962052e-02
 -2.4157346e-03
  1.5446022e-02
  4.0037755e-02
 -5.7389930e-02
 -9.8559838e-03
  8.2086222e-03
  9.7139843e-04
  2.4093708e-02
  5.4458026e-03
 -1.2282867e-02
 -9.0704933e-03
  5.7313074e-03
  1.4620015e-02
  1.2213007e-02
  2.0661617e-02
  1.8149359e-02
 -5.0012980e-02
 -2.4510433e-03
 -1.6656091e-02
 -8.4060207e-03
  3.1854689e-02
 -5.5944431e-03
 -9.4949063e-03
  1.0668570e-02
  9.7677186e-03
  3.3754863e-02
 -5.9945560e-03
 -9.5775854e-03
  8.2475282e-03
  2.4853954e-02
 -2.2815466e-04
 -1.4786495e+00
  4.2823316e-03
  1.0519405e-02
 -1.0426275e-02
  2.1942433e-02
  2.6145991e-02
 -2.5164215e-02
  2.1398799e-02
 -8.2286978e-03
  1.9382605e-02
  3.2872137e-02
 -5.1756650e-02
  2.9263366e-02
  1.0455781e+00
  8.3796120e-01
  8.5811550e-03
 -2.0932288e+00
  2.2172729e-02
  4.2153686e-02
  1.1679611e-01
 -1.3642669e-02
 -1.5410498e-02
  3.0169550e-02
 -5.0730739e-02
 -1.8811587e-03
  1.0902538e-01
  1.2335455e+00
  1.9407680e-02
 -2.0989409e-02
  7.6443986e-03
  3.9266750e-02
 -2.8305000e-03
  2.2184159e-01
 -1.6413964e-02
 -5.8869547e-03
 -1.3606953e-02
 -8.2850726e-03
 -3.6285310e-03
  2.3509453e-03
  7.3220362e-03
  1.4558717e-03
 -3.2721490e-03
 -9.9424627e-03
  1.0746005e+00
  7.1613351e-03
 -1.4577015e-02
 -5.9884316e-03
  4.1295410e-04
  2.8733440e-02
 -2.7886702e-02
 -1.5003679e-02
  6.2283670e-04
  9.1158058e-03
  1.3186350e-02
  1.4508814e-02
 -8.7561496e-03
  1.6145325e-03
  6.0834610e-03
 -1.7954703e-02
 -5.5001117e-03
  5.4324791e-03
 -3.2272420e-03
 -1.4331748e-02
  9.3971490e-04
  1.5599082e-02
 -1.0936745e-02
  5.5606067e-03
 -3.5684738e-02
 -8.9713559e-03
  2.4810670e-02
 -1.3836693e-03
  2.3405904e-02
 -9.5823724e-03
 -6.0527530e-03
  4.3261806e-03
 -3.3811465e-04
 -3.0079514e-03
 -6.8781222e-03
  8.8205719e-03
 -2.6258301e-02
 -2.6790828e-02
  8.1306593e-03
  3.4740157e-02
 -3.3485714e-02
  1.4017530e-02
 -1.0945875e-02
 -2.5755100e-02
 -1.1440224e-02
 -1.0297449e-02
 -9.5883710e-03
 -2.5587240e-02
  7.0519918e-03
  7.6652444e-03
  6.4960890e-03
 -8.2745580e-03
 -7.9008481e-03
  5.4407556e-04
  2.1059182e-03
  1.9074131e-03
  2.7097920e-03
 -1.6889380e-02
 -1.3890110e-02
 -3.2292986e+00
  8.0738496e-03
  4.1617034e-04
  6.9873459e-03
 -5.7556117e-03
 -3.4253909e-03
  1.3300280e-02
 -7.1710341e-02
  2.8929161e-02
  2.8047557e-03
  1.2605242e-02
  4.8088292e-03
  6.8810172e-03
  3.4347142e-03
  3.9179109e-02
 -1.9806465e-02
  4.4331178e-02
  4.2189077e-01
  1.1277096e-02
  1.9395074e-02
  9.3841940e-02
 -7.5041002e-01
 -1.7298141e-01
 -9.0502873e-03
  9.8545784e-03
  3.9090414e-02
 -2.2372181e-02
  7.3860534e-02
 -3.9971638e-02
 -1.1959331e-01
  2.5443366e-02
 -1.8166820e-02
 -1.7655469e-02
 -4.3894581e-02
 -5.6285542e-02
 -5.6693875e-03
 -9.8646898e-04
 -9.3107537e-04
 -2.7530219e-02
 -7.4637407e-03
 -1.4315454e-02
 -1.8292829e-02
 -1.7446628e-03
  1.5282875e-03
  1.1600555e-02
 -2.3180498e-02
 -4.1872915e-03
 -2.8105453e-02
  1.1195391e-02
 -2.0979666e-04
 -3.9884623e-02
 -3.0818347e-02
  4.4048343e+00
 -3.6438459e-03
  9.3254978e-03
 -1.9023705e+00
 -1.1952609e-02
  9.3475562e-03
 -9.7419480e-03
 -5.5890407e-02
  3.5769367e+00
 -3.6909169e-04
  6.2701665e-04
 -1.6941210e-02
  4.5240510e-02
  8.6094728e-03
 -6.0457173e-03
 -1.8643723e-03
  3.4298439e+00
  1.3923110e-01
 -7.2064310e-01
  4.9804673e+00
  1.1025478e+00
 -4.2299697e-01
 -2.7917886e+00
 -1.0537388e+00
 -3.3772640e+00
  1.7842818e+00
 -2.8370149e-03
  1.6259551e-01
 -1.7336929e-01
 -4.9111359e-03
  8.7502509e-02
 -1.0733148e+00
 -3.5452005e-02
  6.8207884e-01
  5.1202610e-02
 -1.0182589e-02
 -1.8590894e-03
 -1.1527440e-01
  3.4122092e-03
 -6.0085361e-03
  4.1154441e-03
 -1.3721401e-02
  9.1838994e-04
  8.0902928e-01
 -2.9159676e-02
 -4.0541166e-03
 -4.6116643e-02
 -1.2609958e-02
  6.7700133e-02
 -2.5975209e-02
  1.1296518e-02
 -1.2339104e+00
 -1.6768133e-02
 -1.8100616e-02
 -8.1062189e-04
 -5.4448064e-02
 -2.5515771e-03
 -3.8654855e-01
 -3.4056613e+00
 -1.2156590e-02
  3.0881935e-03
 -2.2530897e-02
  6.3437843e-03
  3.5941929e-02
  2.6516339e-02
  3.3820155e-01
  2.4885610e-02
  4.8126918e-03
  5.8553934e-01
  6.0745794e-03
 -1.6912585e-01
  3.7663186e-03
 -6.1905952e-03
 -3.8790438e-02
  3.2070039e-03
  2.3172088e-02
 -4.6922779e-01
 -3.2248542e-02
 -3.5869384e+00
 -1.4021630e-02
 -9.4579138e-02
  1.5486749e-02
 -2.9683635e+00
 -2.8051379e+00
 -1.3902191e+00
 -8.5163731e-03
 -3.2402046e-03
 -2.4960579e-03
  2.6126849e-03
 -3.6871996e-02
 -2.8399639e-03
  1.7039079e-02
 -7.3172622e-03
 -2.3728492e-02
  2.9554170e-02
 -4.2079757e-03
  2.0076176e-03
 -1.0527838e-01
 -2.5583140e-03
 -7.7920100e-03
  2.3157006e-02
  3.6256679e-03
 -3.7499309e+00
  2.6724160e-02
 -1.0114593e-02
 -1.2307654e-02
  2.4522387e-03
 -4.8590198e-02
 -5.2975848e-02
 -2.4086585e-02
  2.6742545e-01
 -2.6377613e-02
 -4.1308120e-02
 -3.5853494e-02
 -2.3201207e-02
 -1.7748236e-03
 -1.3756112e-02
 -5.9365921e-02
 -2.3622226e-02
  5.4119393e-02
 -3.2915741e-02
 -1.9693093e-02
  2.0745972e-02
 -4.7204703e-02
 -6.0460385e-02
 -7.6209172e-03
 -2.5870699e-02
 -1.8421729e+00
 -2.2924833e-02
 -1.6077243e-01
 -1.4260160e-02
  4.1844240e-01
 -1.5731461e-02
  1.0850848e-01
  1.3704836e-02
 -3.9471075e-02
 -3.3662081e-02
 -1.1874652e-02
 -5.2599912e-03
  3.0804183e-02
 -2.2846732e-02
 -9.6619362e-03
  6.3964264e-03
 -7.2876723e-03
  1.3566275e-02
  1.1084741e-02
 -2.2940889e-03
  9.6262693e-03
  2.4507506e-02
  1.1128913e-02
  2.4370644e-02
  6.5391273e-03
  2.7805634e-02
  3.7781950e-02
  4.6103233e-03
 -5.8687842e-03
  1.7916982e-03
 -6.0447073e-03
  4.9844842e-02
 -5.3504137e-03
  1.6811747e-02
  5.0548649e-01
  3.1397387e-02
  4.0137529e-02
 -4.0717295e-04
  1.7739169e-02
  8.6068911e-03
 -1.4392857e-02
 -5.3090762e-02
  3.6110517e-03
  1.3230392e-02
 -5.1975395e-03
 -5.5038077e-03
  8.3971480e-03
 -3.5022523e-03
 -7.6668710e-03
 -1.4305764e-02
  6.6292002e-03
  1.4507397e+00
  5.4345257e-03
  8.0303323e-01
  4.6054978e-02
 -2.1254581e-03
  2.2467297e-01
  2.0876408e+00
 -6.5243340e-01
 -2.1074520e-02
  1.0249860e+00
  4.0748890e-02
  1.8291993e-02
  3.6711436e-02
 -1.5557426e+00
 -9.1769779e-01
 -6.5991953e-02
  1.6929359e+00
 -1.4528898e-02
 -2.5488947e-02
 -2.3813786e-02
 -7.1854973e-03
  2.9296303e-02
 -2.3650960e-03
  5.3915167e+00
 -3.3653352e-02
 -1.5498047e-02
  8.1371078e-03
  1.4722840e+00
 -1.4643263e-03
  5.1735188e-03
 -5.1249643e-03
  1.2909186e-02
  2.7323743e-02
  1.1594194e-02
  4.2011566e-02
 -1.0115329e-02
  8.4043751e-03
 -1.4978522e-02
 -2.7775954e-02
 -2.0648791e-02
  1.2157514e-02
 -5.1786125e-01
 -2.5304498e-02
 -4.1155513e-02
  1.4866574e+00
 -1.9243801e-02
 -3.7013160e-03
  3.9768158e-03
 -2.7253637e-02
  1.9595733e-02
  1.9502173e-03
  7.3882979e-03
  7.9543833e-03
 -1.8526856e-02
 -3.7288127e+00
  2.0928495e+00
 -7.4327495e-03
  3.3956099e-01
  3.4412902e-02
  6.2129682e-01
  1.2226753e-02
 -2.2658788e-02
  1.3361517e-02
  6.8138451e-03
 -3.8738433e-02
 -1.4544424e-03
  3.6506694e-02
  3.1436596e-02
  1.1723219e-02
 -5.0252788e-03
 -2.4946574e-03
 -2.5236469e-02
  3.1598348e-03
 -1.9706853e-02
  3.2945070e-02
 -7.9861516e-03
  2.1021040e-02
  1.9263251e-02
 -4.0287240e-03
  7.3973760e-02
 -4.3891811e-01
 -2.6646582e-04
  5.4537784e-03
  7.2026560e-03
  1.7459424e-03
 -7.8753894e-03
  2.8373057e-02
 -2.8314155e-02
 -1.5686197e-02
  2.8024063e-02
  3.2653320e-03
  9.2987055e-03
  5.5888672e-03
 -6.0269429e-04
 -2.3940742e+00
 -5.4002229e-02
 -2.7828779e-02
 -2.6693219e-02
 -9.4926395e-03
 -3.5841472e-03
 -4.2590001e-03
  2.1221668e-03
 -5.0483245e-02
 -1.2173675e-02
  3.6267351e-02
  9.6729575e-03
 -3.1105052e-03
  6.0126581e-03
 -7.6529652e-02
 -2.5105486e-02
 -1.1929447e-03
 -2.6748130e-01
 -2.2885391e-02
  1.7953675e+00
 -7.2875917e-01
  2.9024628e-03
  5.0994575e-01
 -6.7428639e-03
 -2.5285212e-02
  2.0469460e-03
 -1.8343028e-02
  2.4919745e-02
 -2.9207338e-02
 -2.4792299e+00
  2.8724840e-01
 -4.1421663e-02
  6.0109138e-02
  1.5671209e-02
  6.8988660e-03
  2.3889074e-02
  1.0325842e-02
 -4.0461380e-02
  1.4467791e-02
  1.2474095e-01
 -3.8528372e-02
 -7.7205308e-02
  2.2272270e-02
  1.1135763e-02
 -2.0922406e-04
  2.1341521e-02
  2.4234550e-02
  3.7538063e-02
 -8.2223974e-03
  2.0368962e-02
 -3.3920677e-03
  1.8354017e-02
  1.1159717e-02
  3.2590572e-02
  2.0445078e-03
  3.0752853e-02
 -1.8193722e-02
  6.1439880e-04
  3.2532206e+00
 -6.2502003e-03
  3.4483816e-02
  2.0623868e-02
  6.7744050e-03
  1.8427530e-03
  3.8851157e-02
 -2.7754294e-02
  3.1395238e-02
 -7.8771722e-01
  4.0204515e+00
 -4.0857522e-03
  4.3640696e-03
  1.7754944e-02
  3.4801234e-02
  1.5445520e-03
 -9.4304169e-03
 -8.6293770e-03
 -1.4673709e-02
  1.0281212e-01
 -4.9926364e-01
 -4.2573176e-03
 -1.5479210e-01
 -2.9203324e+00
 -1.4219347e-02
  1.8449755e-02
  1.4048542e-02
 -2.6068578e-02
  2.3181144e-02
  1.7355226e-02
 -2.7486880e-03
 -2.4037482e-02
  1.1731707e-02
 -8.7783836e-02
  9.5094368e-03
 -8.7889127e-04
 -1.5873803e-02
 -7.4718678e-01
  2.8645894e-03
 -2.5121486e-03
  1.3563241e-02
  7.9366422e-01
 -5.8005595e-01
  3.5423364e-02
  7.9995237e-04
 -2.2294673e-03
 -3.2452703e-02
 -2.4170298e-02
  8.4149754e-03
  1.7970636e-02
  2.6045339e-03
  8.7097213e-03
  2.2464201e-03
  1.0988965e-03
 -2.6841199e-02
 -5.1067638e-01
  9.1169020e-03
  1.9557135e-02
  2.3487750e-03
 -4.1691277e-02
  4.4527296e-03
 -1.5669182e-02
  1.7056864e-02
 -6.2209307e-03
 -9.2603620e-03
 -8.2444116e-02
  4.1788865e-02
 -7.4243113e-02
  1.6267000e-02
 -1.1466970e-02
 -2.7199136e-03
 -2.4029769e-03
 -1.4210293e-02
  2.8335940e-02
 -1.1161420e-02
 -2.4781497e-02
  6.8803388e-03
 -2.5145432e-02
  1.8049624e-02
  1.2691163e-02
 -2.6977353e-02
 -5.4085697e-03
 -1.1329663e-02
 -4.2727411e-02
 -2.3229025e-02
 -2.3516777e-03
  3.5849328e-03
  1.7178463e-02
  3.9566513e-02
  7.9982067e-03
 -6.9847696e-02
 -1.0712759e-02
  7.1543045e-03
  7.5634853e-03
  4.5118660e-02
 -1.7948221e-02
  1.9750856e-03
  1.9666789e-02
  1.0952262e-02
 -1.3807750e-03
  5.0870068e-03
 -7.6198531e-03
 -1.4502008e-02
  3.2825284e-03
  1.2331025e-02
  1.4466825e-03
  1.4083633e-02
 -3.3514712e-02
  6.2535547e-02
 -6.5583535e-02
 -1.1263413e-02
  2.3861624e-02
 -4.4677295e-03
  3.1859793e-02
 -3.6422627e-03
  8.5331015e-03
 -2.1977311e-02
 -5.8741341e-03
  7.5065173e-02
 -8.9076785e-03
 -1.0294836e-02
  5.3966850e-01
  1.3046050e-02
  1.1018487e-01
  9.5278203e-01
 -1.2665548e+00
  1.6084999e-03
 -4.1510394e-01
 -1.5563525e-02
  1.5506747e-03
 -1.2546859e-03
 -3.1453012e-03
 -1.0885407e-02
  6.4288476e-03
 -4.2561766e-02
  8.2761506e-03
 -3.3099126e-02
 -4.3701152e-03
  2.1525964e-03
 -2.9057197e-02
 -6.7610210e-03
 -2.3047917e-03
 -1.2689071e-02
 -1.1100116e-02
  3.7296864e-03
  3.3620425e-02
 -5.7518515e-03
  6.6221836e-03
 -1.7538359e-02
 -1.0475420e-02
  2.0800389e-02
 -3.6071576e-02
  2.4206009e-02
 -3.0518009e-03
  5.3906525e-03
  1.4089299e-02
 -1.7402709e-02
 -1.9528311e-02
 -1.3471039e-02
  4.3817381e-03
 -2.2512242e-02
  3.9165363e-02
  2.5554951e-02
 -1.1555055e-02
  2.9763538e-02
 -1.8160205e-02
  3.8804428e-04
 -2.0818563e-02
 -2.0921774e-02
 -2.2391891e-03
  8.4149539e-03
  4.3572765e-03
 -2.2997119e+00
 -1.7230213e+00
 -4.9024719e-01
 -2.0179853e+00
 -1.0438321e+00
 -9.6713924e-01
  4.1890035e+00
 -2.6112158e+00
 -6.7066735e-01
 -1.9734926e+00
 -1.6756141e+00
 -1.2871601e-02
 -3.8327321e-01
 -4.0668365e-01
 -5.8550119e-02
 -2.5786173e-01
 -2.8472509e-02
  2.4487566e-02
 -1.6894130e+00
 -1.2416017e+00
 -4.2494811e-02
 -1.3593246e-01
  2.4733339e-02
 -5.2410172e-04
  4.3532103e-03
 -3.2755253e+00
  1.2753839e-02
 -1.7477592e+00
 -1.8207876e-01
  1.3901982e+00
  6.3309853e-04
 -2.0581152e+00
 -8.7534753e-04
  2.3238096e-02
 -1.9788049e+00
 -9.9491537e-02
  1.1125451e+00
 -7.1498954e-01
  1.1130115e-02
  3.2170650e-03
  1.0032184e-01
 -2.0712616e-02
 -5.8638514e-04
 -8.0863452e-01
 -4.0776696e-02
 -5.7481788e-02
  9.8676216e-03
  8.9730956e-03
 -4.0029199e-03
  1.6446253e-02
  3.8825732e-02
  4.8229531e-03
  3.5131171e-02
 -5.9306771e-03
  2.6279161e+00
 -7.6070558e-03
 -1.8022686e+00
 -1.7560014e+00
 -3.7102303e-01
  3.4012465e-04
  2.4351566e+00
  3.7122259e+00
 -1.3578823e+00
  3.9984798e-03
 -8.6845551e-03
 -4.1108099e-01
  4.5018073e-02
 -7.0793688e-02
  8.8898665e-01
  7.6563641e-02
  1.2620913e-02
  1.1609287e-02
 -1.6189508e-01
 -1.8509440e-02
  4.4351211e+00
  3.9069206e-01
  4.3926567e-01
  2.0561779e+00
  3.8096204e-02
 -1.1400380e+00
  5.6879442e-02
 -8.2895495e-02
  3.9361097e-02
 -1.0920990e+00
  2.4898791e+00
 -1.0753905e-02
  8.0025500e-01
  2.9887471e-01
 -2.7881297e-03
 -8.4217459e-01
  1.3513776e-02
 -4.5182481e-03
  2.6277576e-02
  7.9660803e-01
 -4.0011821e+00
  1.2549208e-01
 -1.5225383e-02
 -1.3064527e-02
 -5.8087605e-01
  1.3380552e-02
 -3.1566221e-02
  3.5243621e+00
  7.8429403e-03
 -1.6073937e-02
  1.4474846e+00
  7.1264490e-02
 -1.5634671e-02
 -5.1349960e-03
  2.6074390e+00
 -2.1028848e+00
 -1.3365787e+00
  2.3303354e+00
  1.7868415e+00
 -1.3946550e-01
  3.9617877e-02
  2.9143038e-01
 -1.7414266e+00
  4.7444239e+00
  4.8764908e-01
  3.1277463e+00
 -4.2942613e-01
  1.5751615e+00
  3.4328562e-01
 -1.8464959e+00
  2.5583491e-01
  1.5926948e-01
  5.0070968e+00
  2.5234194e-02
  1.0765378e-02
 -2.6295278e-02
 -8.5410606e-03
  1.9834524e-01
 -1.3027240e-01
 -3.2582306e-03
  5.0719905e-01
 -4.6415930e+00
 -2.8169289e+00
  8.5821701e-03
  2.9057780e-02
 -1.5979428e-02
  2.0808807e-01
  2.1350836e-02
  3.3438818e+00
 -1.5316060e+00
 -3.6547501e+00
  5.0314766e-01
  4.2401601e-02
  8.9822114e-03
  3.2114461e-03
  2.1264588e-02
  1.0697618e+00
  1.1311748e+00
 -1.5050962e-02
 -1.0382704e-02
 -1.4252950e-02
  3.3835196e-03
 -5.5226553e-02
 -8.4842099e-03
 -1.0144833e-02
  2.2503592e-02
  1.9420236e-02
  3.7346091e-02
 -1.5462609e-01
 -1.7807660e+00
  2.6649904e+00
  1.4814162e+00
 -2.3705941e-01
 -2.7236469e+00
 -4.2436233e-01
 -2.0887473e+00
  2.8912365e+00
  2.4683556e-01
  1.5080841e+00
  2.6627631e+00
  4.0500146e-01
  2.7973786e-01
 -9.1010910e-01
  7.5313461e-01
 -1.2057570e-02
 -2.2397738e+00
 -5.5665106e-01
  4.0966943e-03
  3.3546600e-03
 -2.3398275e+00
  2.9333900e-03
 -1.5474768e+00
  8.5920787e-01
 -2.5970450e-01
 -4.7335717e-01
  2.2151384e+00
 -6.8580280e-03
 -2.3895311e+00
 -2.2813340e-01
  8.7683165e-01
  2.5429661e+00
  2.0269895e-01
  1.8656093e+00
 -5.6432468e-01
  3.0965462e-01
  3.5009101e-02
 -2.5009662e-01
  6.6233623e-01
 -2.1487975e+00
 -4.5371348e-01
  2.2630510e+00
 -5.9236008e-01
  9.5927484e-02
 -4.9793154e-02
  4.0592307e-01
 -8.5945899e-04
  1.7155641e-03
  1.1201601e+00
 -1.9515222e-02
 -1.4287879e-01
 -7.2597661e-03
 -6.5267213e-02
 -3.5091680e-02
  9.4191236e-03
 -1.2745023e-04
 -4.0140129e-03
  1.3027388e+00
 -3.7363988e-01
 -2.5929515e+00
 -7.4118203e-03
  3.8494956e-02
  1.2752463e-02
  1.5296832e-02
  1.3568326e-02
 -1.8701881e+00
 -1.0471543e-03
  2.6115600e-02
  2.0625921e-02
  8.4242236e-04
  1.5755890e-02
  2.2441424e-02
 -1.9015856e-02
  2.6209876e-02
  2.2608122e-02
  4.3583065e-03
 -1.7368164e-02
  1.2343839e-02
  1.8219501e-02
  1.3383022e-02
  1.7186482e-02
  3.4562245e-02
 -9.4805444e-03
 -2.0136105e-02
 -1.6715279e-02
  3.5616644e-02
 -5.9554628e-03
 -4.5131822e-03
  2.0853315e-02
 -4.7844457e-03
  5.3833215e-03
 -3.1704675e-02
  3.2839775e-02
 -2.5383839e-02
  2.4985939e-03
 -6.5528909e-03
  1.4171619e-02
  3.6729570e-02
 -1.7192371e-02
 -1.9389538e-03
  1.1095230e-02
  4.1086613e-03
  2.6809029e-02
 -2.4548871e-02
 -4.7896631e-02
 -4.5428872e-02
  2.3922190e-02
 -1.7058109e+00
  9.8310029e-03
 -1.6823713e-02
 -2.2435647e-01
 -5.9965324e-02
 -5.3012908e-01
  1.1196786e+00
  1.6987897e-02
 -1.2119109e-03
  4.8567303e-02
 -1.6949920e-02
  4.0882856e-02
 -7.6820268e-03
 -2.4290767e-02
  2.5248285e-02
 -3.4886062e-02
 -2.0401821e+00
 -1.5767906e-03
  1.5221810e+00
 -2.9317506e-03
  3.1055668e-02
 -5.5155954e-03
 -5.9389342e-03
 -3.7366252e-02
  2.5056994e-03
  2.2865687e-02
 -1.2150971e-02
 -1.3603488e-02
 -5.3715695e-02
 -2.2990359e-02
 -1.6166896e-02
 -3.2684803e-02
  1.2200624e-02
  2.8517975e-02
 -1.0946339e-01
  5.6292180e-02
  1.6777620e-02
 -4.7739889e-03
 -1.4834163e-02
  9.3240750e-01
  1.0140317e-02
 -1.5204669e-02
  9.9542821e-03
  2.0074584e-02
  7.1269870e-03
  2.6948795e-02
 -1.3074230e-02
  1.7051587e-03
  1.7903441e-03
  3.3721924e-02
  1.3966597e-02
 -3.9560952e+00
 -3.5798747e-02
 -2.1737227e-02
 -2.6914887e-02
 -9.4166296e-03
  4.6065964e-02
  2.7219921e-02
 -1.9988096e-01
 -3.7863804e-03
  7.7379704e-03
 -7.8774299e-03
  2.1252833e-02
 -2.8253889e-03
  1.5734871e-04
  1.6448632e-02
  9.0516750e-03
 -1.0284511e-03
 -1.6334114e-03
  1.1577705e-03
  7.8287292e-03
 -1.6824168e-03
  3.1636395e-02
  9.4579707e-04
  4.4976421e-02
  2.9606862e-02
  1.1836863e-03
  1.3822563e-02
  5.4823939e-02
  5.6076637e-03
  7.4832058e-03
 -1.8767077e-02
  1.1670357e-02
  7.3849941e-03
  1.4951110e-02
 -1.1290905e-02
  1.6176382e-02
 -2.7905523e-03
  1.3302548e+00
  4.0570505e-02
 -1.5056058e+00
 -4.2201731e-02
 -1.1251302e-02
 -7.7401428e-03
 -5.5220813e-02
  1.3927964e-02
 -1.1975490e-02
 -1.2750544e-02
 -3.6029574e-02
  5.2100182e-02
 -1.9213908e-03
 -1.8111374e-02
  6.5834634e-03
  2.6982183e-02
 -3.3445492e-02
  7.0848428e-03
 -2.3450611e-02
  4.3774773e-03
  6.2403679e-01
 -2.1369395e+00
  2.8702898e+00
 -2.0114293e+00
 -1.1598547e+00
 -9.9836349e-02
  1.0683296e+00
  1.8748115e+00
 -6.4850485e-01
  5.1337403e-01
  1.0762562e-01
 -4.5805071e-03
  8.5691905e-01
  2.1093340e+00
 -2.1090941e+00
  1.4798431e+00
 -1.8745707e+00
 -1.8441547e+00
  1.0978322e+00
  3.1598345e-03
  1.2354243e-02
 -1.7465274e+00
  2.3806691e-01
 -3.2246499e+00
 -1.1217636e+00
  4.0597248e+00
 -3.4010224e-02
  6.4119262e-01
  2.4915868e-01
 -1.9120485e-02
 -1.1776309e+00
  4.1507575e-01
 -2.1354324e-01
 -1.8429984e+00
 -7.1007021e-02
 -3.1802890e-01
 -1.3549124e-01
  2.9923240e-02
 -1.4532926e-02
 -3.6971380e-03
  2.7104792e-01
 -1.6858360e-01
  7.6791877e-01
 -1.7137502e+00
  2.6127434e+00
 -9.7597083e-03
  1.3515459e-02
 -7.7939737e-03
  7.1295016e-02
  2.4207494e+00
  1.1465145e-01
 -7.2185211e-02
  5.9237564e-03
 -8.8147350e-02
  2.4440672e+00
  1.3175119e-02
  5.8634543e-01
 -1.3508087e-01
  1.1843237e+00
  2.5981040e+00
 -1.1261442e+00
  2.4735024e+00
  3.5384277e-01
 -5.7465911e-01
  2.7954471e-01
 -2.8958368e+00
  3.7380199e+00
  5.7182825e-01
  7.4801803e-01
  1.4755692e-02
  4.4195801e-01
 -3.1671965e-01
  6.1460091e-03
  1.8046099e-01
 -2.1072112e-01
  2.0605244e-02
  6.3642126e-01
  2.1190299e-01
  5.5612728e-04
 -3.4939426e-03
 -4.9431920e-03
  2.3015983e-01
  4.0584937e-02
  6.3000524e-01
  2.5457168e-01
  2.6645598e-01
  2.6958992e+00
 -2.9032624e-03
  1.8692927e+00
  1.1936222e+00
  1.0817738e+00
  6.7977321e-01
 -1.4643250e-02
 -2.7789155e-01
  1.9623533e+00
  2.2823713e+00
 -4.1042504e-01
  2.9451968e-02
 -2.4028863e-01
  2.2817345e-02
 -1.3815331e-02
 -6.2013348e-03
 -3.8154484e-03
  3.1177891e-02
  6.5916114e-02
 -7.2844425e-04
 -5.6339232e-03
 -9.2997132e-03
 -2.4737313e-02
  2.2014104e-02
  7.6534846e-03
 -1.3946363e+00
 -8.1167184e-03
  3.0697512e-02
 -3.7501338e-03
 -7.1364944e-03
 -4.1948255e-02
  1.3554811e-02
 -3.3970620e-02
  7.7533503e-03
  1.6498597e-02
 -2.0429779e-02
  2.0112930e-02
 -9.0820080e-01
 -8.1345458e-03
  5.4959502e-02
 -1.0583962e-02
  1.1407884e-02
  1.4975828e-02
  1.6583971e+00
 -2.9369667e-02
  1.1164937e-02
 -2.1293063e-03
  1.2169852e-03
  1.8194612e-02
 -4.8424467e-03
  1.0839681e-02
  5.6248498e+00
  2.1703044e-02
 -3.9915502e-02
 -1.5291844e-02
  6.7376159e-03
 -1.9106962e-02
 -8.5525392e-03
 -2.8196223e-02
  9.1712521e-03
  1.8704122e-02
  1.7236815e-03
  7.7226124e-04
  1.2873951e-03
  4.1767746e-02
 -1.3978254e-03
  1.6707758e+00
  1.4518349e-02
 -1.5969579e-01
  3.3930726e-02
  4.4871833e-02
 -5.4206434e-03
 -1.1427718e+00
 -4.1370247e-02
 -5.9420983e-03
  1.2237010e-02
  1.6943337e+00
  8.5408930e-03
  5.4757819e-02
 -4.5759208e-03
  7.4025844e-03
 -3.9729763e-02
  5.8865339e-01
 -8.2188986e-02
 -1.8449688e-02
  3.7909169e-03
  1.6244069e-03
  1.5218037e+00
 -5.7658333e-01
 -3.1842392e-02
  3.7322450e+00
 -9.5060356e-03
 -2.4959553e-02
 -3.1349033e-02
 -8.0230050e-03
  1.6888917e-03
 -3.6021713e-02
 -1.2031795e+00
 -4.2436644e-03
  5.9869039e-01
  6.6688762e-04
 -2.6273614e-02
  3.9377004e-02
  5.1281359e-03
 -1.5101681e-02
 -3.6901032e-04
 -1.0690223e-02
 -2.9652981e-02
 -1.1175648e+00
  2.8989825e-02
 -6.1196210e-03
  2.6791915e-02
  3.6381346e-01
 -1.4652736e-02
 -1.0585556e-01
 -2.1426104e-02
  6.9256537e-02
  7.3822320e-01
 -4.3419725e-03
 -3.6865044e-03
  2.0457609e-03
 -6.5582134e-03
 -5.7601172e-01
  5.9168241e-03
  1.2407664e-03
 -9.4684362e-03
  1.0738053e+00
  2.2223301e-02
 -9.9384449e-03
 -3.3408698e-02
  7.3717572e-02
  2.8988633e+00
 -2.0750852e+00
  7.9346120e-01
 -1.4204998e+00
  3.3544639e-01
  1.2584977e+00
 -9.7531229e-01
 -1.2060117e+00
 -1.1113653e-01
 -2.6237490e-03
  2.2349873e-01
 -9.3801194e-01
 -1.5689059e-01
 -2.7850468e+00
 -3.4097981e+00
  3.9816767e-02
 -2.1867316e+00
  2.0837684e+00
 -9.4438076e-04
 -9.2671271e-03
 -8.3990414e-03
 -7.6136190e-01
 -3.9680772e-02
 -3.4662068e+00
  2.3130736e+00
  3.1832043e-02
  3.9083185e+00
 -2.1711335e-02
 -3.5114836e-02
  1.4440159e-01
  1.2574303e-01
  1.6782715e-03
 -3.5438478e-01
 -5.3872488e-04
  1.7405882e+00
  1.4259769e-01
  5.1132776e-03
  2.4906644e-03
  6.6212942e-03
 -3.6516541e-01
 -1.4422633e-03
 -1.1751302e-02
 -2.6807475e+00
 -1.1519235e+00
  4.9620695e-02
 -5.4134913e-02
  3.4924226e-03
 -1.8257618e-02
 -6.1290426e-04
 -7.4353744e-03
  2.1695644e-02
  3.6072973e-03
  1.9347677e-02
 -9.6329784e-01
 -9.4633577e-03
 -4.7948308e+00
  3.0038699e-03
 -8.1686169e-02
 -5.6742692e-01
 -1.2671698e-03
 -4.2896596e-01
  1.0930768e-02
  9.5956922e-01
 -5.3638439e-03
  1.7383814e-02
  1.7653249e-02
 -1.1353416e-02
 -1.8380024e-02
  4.8804286e-01
 -4.4618070e-02
 -5.8033433e-02
 -1.6411591e-01
  1.4075227e-02
  1.0017046e-02
 -2.2791594e-04
 -7.7090422e-03
  1.4099967e-02
 -2.2411678e-02
  5.7550534e-03
 -1.5198805e-03
 -6.8378091e-02
 -2.0632526e-02
 -3.1047648e-02
  4.1607134e-03
  2.4749283e-02
  8.5259357e-04
 -3.4855437e-02
 -1.2660556e-02
  9.1352155e-03
 -2.2932053e-01
  1.2863126e-02
 -1.6447280e-02
 -3.6758516e-02
 -6.3590291e-03
 -2.9716121e-03
 -6.9590779e-03
 -1.5295958e-02
  9.8165460e-02
 -6.6831642e-01
 -4.0907592e-02
 -1.7689725e-02
 -2.2610084e-03
  3.2539915e-02
  1.3920014e-03
 -2.2009354e+00
  1.3194382e-02
 -1.1708760e-02
 -2.1213291e-03
  6.9949651e-01
  2.2189288e-01
  5.8190626e-01
 -2.6130158e-01
  3.7666492e+00
  3.3641353e-01
  4.8752636e-01
 -2.4682770e+00
 -5.8374301e-02
  1.3629107e-01
  2.1060467e-02
  8.4567023e-03
  1.2103719e-02
  7.9369813e-02
  9.3506110e-01
  2.0965254e-03
  2.5041749e+00
  6.8306719e-04
 -1.4970568e-02
  7.2724742e-01
 -5.3190230e-04
  9.2887022e-03
  4.9463626e-02
  3.6894924e-03
  8.0124950e-03
  9.6343331e-02
  7.9604667e-03
  1.5329803e-02
  8.2382478e-02
 -2.2886850e-02
 -1.3091357e-02
 -1.9945337e-02
  2.2624114e-03
  6.5683981e-04
 -2.2126475e-02
 -5.7382506e-01
  2.1714731e-03
 -5.7125906e-03
 -5.8259061e-03
  2.8251076e-02
  1.2390865e-02
 -1.5193350e+00
 -7.1895099e-03
 -2.3206461e-02
 -6.3292114e-03
 -2.3981646e-02
  3.9696109e-02
 -1.1701210e-02
 -1.0742719e-02
  2.6555413e-02
 -1.7645678e-02
  1.6503952e-02
 -2.9513549e-02
 -1.1025685e+00
  1.4863566e-04
  3.7527590e+00
  4.6735816e+00
  1.7234026e-01
  1.1761886e+00
 -6.7206919e-01
  2.2606890e+00
  3.0002167e+00
 -3.9820394e-01
 -2.0618424e-02
 -6.8501136e-03
 -8.3875041e-03
 -2.0449944e+00
 -3.1527770e-01
 -2.2701941e+00
  4.8657390e-01
  5.6015193e-02
  5.1012027e-01
  6.7925677e-02
  7.6617412e-03
 -6.4183036e-03
 -1.2997239e+00
  4.5331516e-03
  7.7173829e-01
 -1.6861472e-02
 -1.6044443e-02
 -2.2623074e+00
 -1.2117240e-02
 -2.8288621e-02
 -4.2571213e-02
 -5.9695646e-02
 -1.6683714e-02
  2.1162353e-02
  3.0050313e-01
  8.3502784e-02
  7.3548337e-03
  9.3306564e-03
  4.7373381e-02
 -1.1276085e-02
 -9.2284651e-03
 -5.1926624e-02
  7.9952550e-01
  3.8192910e-01
 -1.6595368e-01
  8.1068940e-02
  1.9138776e-02
  1.6503005e-03
 -8.2226330e-03
  1.9809657e-03
  3.2041837e-02
 -5.5559366e-03
  2.4988001e-02
 -1.9031711e-02
 -2.2541513e-01
  1.2626097e-02
 -1.5235856e-03
 -8.5036927e-01
 -6.5599345e-03
  8.0674915e-03
 -4.2084938e-01
  7.4157268e-02
  5.5390533e-02
 -1.6665149e-02
 -6.3736942e-03
 -3.1726654e-03
  1.1910425e-02
 -2.9361814e-02
 -1.0764928e+00
  3.9230976e-03
 -1.3162392e-03
 -1.0848785e-02
 -1.2911096e+00
  1.9645685e-02
 -1.7537020e-02
 -3.3629682e-02
  3.6734518e-02
 -1.2953049e+00
  1.3559239e-03
  4.2362016e-02
  1.5863347e+00
  4.0453594e-02
 -7.8723039e-03
 -6.4203609e-03
  1.6668589e-03
  8.4434571e-03
  4.2348243e-02
  3.1970344e-03
 -8.0971997e-03
 -5.4567102e-03
 -2.5137888e-02
  2.7094260e-03
 -8.0310106e-03
 -1.1652449e-01
  1.2519101e-02
 -2.8466564e-04
  6.4853564e-02
  5.6107645e-03
  6.2842414e-02
  5.8224285e-03
 -1.3915314e-02
 -1.5022983e-02
 -2.0879623e-02
  6.9941450e-03
  4.4751126e-02
  3.8653696e-05
 -9.5177554e-03
  1.4363301e-02
 -1.7242061e-02
  6.2765777e-02
 -2.0783752e-02
  1.8316887e-01
 -6.0365471e-04
  1.5845913e-02
  1.1870749e-01
 -2.3499368e-02
  8.5825892e-04
 -2.0860171e-02
 -1.7883638e-02
 -1.4234567e-01
  1.1729460e-02
 -1.5527755e-03
  1.4462886e-02
 -4.5143580e-03
  1.7311348e-02
  1.2600391e-02
 -6.0276864e-03
  5.9587201e-03
  1.0219296e-02
  2.4722636e-02
 -7.8797952e-04
 -1.9213103e-02
  1.3497163e-02
 -2.0781960e-03
  8.9714564e-03
  1.0258213e-02
  1.6265200e-02
 -2.4498062e-02
 -1.2175501e-02
 -7.4392599e-03
 -2.0232147e-02
 -1.1722310e-02
  2.0346784e-03
 -2.1986598e-02
 -3.4375846e-02
  3.2462448e-01
  9.5683830e-03
  5.8225743e-03
 -5.9479340e-03
  2.0415507e-02
  3.9574564e-03
  1.2684599e-03
 -3.0354142e-02
 -1.7762566e-03
  6.0100267e-03
  2.9267150e-03
 -3.7307045e-04
  1.2984292e-02
  2.2866501e-02
  1.5791600e-03
 -4.6210966e-01
 -3.0326519e-02
 -2.3607039e+00
  5.0461213e-03
  2.9774683e-02
 -2.6604399e-01
 -1.5346865e-02
 -3.1677227e-02
 -4.4386080e-01
 -1.1378767e-01
  8.9037251e-03
  4.1220423e-02
 -5.3495295e-02
  3.7976510e-03
  4.4387062e-03
  5.0344028e-02
  1.0195550e+00
 -1.4140327e-02
  2.1239068e-02
  3.5003463e-03
 -2.8139792e-02
 -1.9878553e-02
  1.3158278e-02
 -3.0391613e-02
  1.1332284e-02
  1.4042974e-02
  4.2399011e+00
  1.7650422e-02
  5.2893173e-02
 -2.7745984e-02
  8.5553145e-03
  5.7389634e-03
 -2.2721551e-02
  1.2427273e-03
  7.0820013e-03
 -6.9541723e-02
  4.8606279e-03
 -1.6710125e-01
  1.5453156e-02
 -1.8051453e-02
  2.1506481e-02
 -7.3950358e-02
 -8.1553280e-02
  6.5871659e-03
  1.4603939e-02
  3.3434846e-03
 -2.7045370e-03
 -6.5000220e-03
 -3.0940943e-03
  7.0354328e-03
  1.0411585e-02
 -2.8228953e-02
  1.2307348e-02
  6.3748290e-03
 -8.0271708e-03
  6.6547066e-02
  3.0063409e-02
  1.3163787e-02
  3.7807369e-01
  1.7638220e-01
  8.1344418e-02
  1.1007848e-01
  8.2569029e-03
 -2.8654290e-02
 -5.7127699e-02
  3.0812003e-02
 -1.0391793e-02
 -3.6973832e-03
  4.1689947e-03
 -7.7452008e-03
 -1.5716799e-02
  1.2207004e-02
 -2.3716576e-02
 -1.6097586e-03
 -4.6256028e-02
  1.6383566e-02
  5.5462081e-02
 -1.7469971e-02
 -1.2034076e-02
  8.6357397e-01
 -4.5825625e-03
  2.1450763e+00
 -1.0971358e-02
  1.2842832e-02
  2.2395296e-02
 -6.9219684e-03
  3.2830078e-03
  3.4011735e-03
  2.5625721e-02
 -3.1004092e-03
 -4.4404812e-02
  1.1271753e-02
  4.3547913e-02
 -5.0060404e-03
  2.3271779e-03
  1.0734664e-02
  2.5590913e-02
 -3.8928997e-03
 -2.3984175e-02
 -4.1459929e-02
 -1.7060487e-03
 -6.1186976e-03
  3.8081273e-02
  1.0381122e-02
 -1.2483834e-01
  9.6485736e-03
 -2.0108351e-03
  8.0951005e-03
  2.5395621e-03
  1.8365307e-02
 -1.8796954e-01
  2.1693403e-02
 -7.2939736e-03
 -5.8022314e-01
 -6.0801536e-02
 -3.0084983e-02
 -1.3896534e+00
  3.7438333e+00
  1.2529336e+00
 -2.5403490e+00
 -1.9394843e-02
  4.6059438e-03
 -7.4452455e-03
 -6.4022038e-03
  3.1482358e-03
  2.4933219e-01
 -1.7751368e-02
  2.5290225e-02
  2.0950835e+00
 -4.3849848e-02
  6.6165459e-01
  1.3829955e-03
 -1.2767248e-01
  1.0206562e-02
 -2.3138246e-03
 -8.5528959e-03
  1.7721003e-02
 -1.5576607e-02
 -8.8558495e-03
 -7.8187780e-03
  6.1315555e-02
  1.8849235e-02
 -1.6229990e-03
  9.3622487e-03
 -4.2791050e-03
  4.0249370e-02
 -3.3566494e-02
 -1.2811544e-02
  2.1348761e-02
  1.2458837e+00
 -2.1322316e-02
  2.4592070e-02
  3.7145674e-02
 -1.4737705e-03
  2.2605635e-02
  2.9932931e-02
  3.9510629e-03
 -3.6142492e-03
  3.2874472e-03
  9.8956199e-03
 -3.3120562e-03
  6.6566174e-03
 -1.7302901e-02
 -1.6961727e+00
  4.2783318e+00
  3.5765927e-02
 -1.4746175e+00
  2.1779183e-01
 -3.0839184e-04
  5.2543137e-02
  1.4964491e+00
  5.5502750e-02
 -1.0683197e-02
  3.1797709e+00
 -1.7266256e+00
 -1.4212037e-02
  5.0970030e-01
 -2.6252620e+00
 -1.8822631e-02
 -1.4874607e-02
  4.4982791e-01
  1.4109927e-02
 -9.7031280e-02
 -1.6750477e-02
  9.1496389e-03
  1.1383338e-02
  1.8759593e-02
 -2.4125507e-02
  1.1958304e-02
 -1.4945683e-01
  9.2010610e-03
  2.3146260e-01
 -2.5631696e-02
 -4.1698753e-03
 -3.9963634e-03
  2.0744724e+00
  1.0526674e-03
 -8.9596026e-03
 -1.7136231e-02
  2.0777823e-02
  3.2556798e-02
 -8.6991424e-03
 -7.2594185e-04
 -2.9466553e-02
  8.8848779e-04
 -9.8106824e-03
 -9.9951690e-03
 -2.9802270e-02
  3.7616221e-03
 -3.5833540e+00
  6.3531019e-02
  7.2612707e-04
 -5.2825361e-02
  4.5797271e-03
  6.6055008e-03
  1.0005221e-03
  1.9235671e-02
  1.6011601e-02
 -7.1489882e-01
  1.7573928e+00
 -4.1107411e+00
  5.6740732e+00
 -1.6666361e+00
  2.1125898e-01
 -4.7337728e+00
  1.4146519e+00
 -4.5905554e-01
 -1.4741192e+00
  1.6852995e-02
  2.3949591e-02
  1.1358808e+00
 -2.3351952e-03
  2.6752295e-02
 -1.4852957e-01
  7.4850703e-03
 -1.2552581e+00
 -2.1061131e-01
  6.2070793e-04
 -9.3171038e-03
  4.5044059e-03
 -2.7749238e+00
  1.2316250e-03
  3.9748554e-03
  1.9488124e-03
 -4.5296360e-02
 -6.6471314e-01
 -1.4460529e-04
 -5.0737876e-03
  5.8234539e-03
 -8.4839026e-03
 -2.3168042e-02
 -3.3495232e-02
 -4.9266580e-02
 -3.4468517e-01
 -2.3077179e-01
  2.3310923e-03
  1.0953473e-02
  2.5793171e-02
  1.0515313e-01
  5.9672189e-01
  5.2489483e-01
  3.9329007e-02
 -6.6895179e-02
 -9.4028208e-03
 -1.8536521e-02
  3.3227047e-03
 -6.4242095e-02
 -2.7386205e-02
  1.9731374e-02
  4.7137544e-02
 -1.0490364e-02
  1.1804922e-02
 -7.9779059e-01
 -4.2815092e-01
  4.1239992e-01
  2.1529853e+00
 -1.8988794e+00
 -4.1077542e+00
 -5.9505737e-01
 -2.3957460e+00
 -7.8339195e-01
  9.5572725e-02
 -6.3365251e-03
  5.2449784e+00
  4.0529442e-01
 -1.9335157e+00
 -9.9595976e-01
 -2.2017984e+00
 -2.6466844e+00
 -7.4125934e-01
 -5.2535195e+00
  1.6441115e+00
  7.7630006e-02
 -2.6440902e-02
 -2.5228938e-01
 -2.6409373e+00
 -4.6046641e-02
 -2.0776885e+00
  6.4675236e-04
  1.9251166e-01
  1.1705609e-02
 -4.5761265e-02
 -3.0883983e-01
 -1.2233311e-01
 -1.1501414e-01
  6.5992606e-01
  2.0735233e+00
 -8.1759864e-01
 -4.6645557e-03
  3.2585964e-03
  7.6907001e-02
  3.7617460e-02
  4.1637078e-02
 -3.9264966e-02
  5.7626861e-01
  1.0618012e+00
 -6.3822699e-01
  3.1470150e-02
  3.6547583e-02
 -8.7357983e-03
  1.7100867e-02
  3.1740007e-03
  2.7838862e+00
  3.2002401e-02
  1.4478527e-03
 -7.9120547e-03
  3.5122786e+00
 -3.8304073e-01
 -1.3039008e+00
 -1.7377906e+00
  3.3139133e-01
 -2.7269959e+00
  4.6222195e-01
 -9.8742074e-01
 -3.2157561e-01
  1.8386535e-01
 -5.2372575e-02
  2.0778956e-01
 -6.5218019e-03
 -1.0712221e-01
 -3.3558782e-02
  3.6625965e+00
 -4.1246074e-01
  2.7688341e-02
  1.1132233e+00
  3.5797691e+00
 -6.8871775e-03
 -1.2843383e-02
  7.5418103e-01
 -4.5120362e-03
  5.1491599e+00
  4.5446124e-02
  2.5060511e-01
 -4.0856414e-02
  3.4904916e-02
 -1.3067260e-02
  8.0426726e-03
 -1.1313351e-02
 -3.0056982e+00
  2.4857810e+00
 -1.4037028e-01
  7.9965740e-03
  1.1181695e+00
  3.1761590e-02
 -1.0922161e-03
  1.6669136e-02
 -1.1527394e-02
  2.3073394e+00
  5.8296671e+00
 -4.1352973e+00
  8.8097658e-03
 -1.4724118e-02
 -2.2112861e-01
  2.0335574e-02
  5.1265052e-03
  6.0435198e-03
 -3.5249841e+00
  9.1173910e-03
  1.1757043e-02
 -8.8678403e-03
  3.8474462e+00
  9.5563784e-02
 -4.1790509e-01
 -3.5183995e+00
  1.5208566e+00
  9.3969740e-02
  5.5088601e+00
 -1.9441150e-01
  3.6110399e+00
  3.6258642e-02
  5.4111332e-03
 -4.2062249e+00
  6.9743466e-01
  1.5564245e+00
  2.1699927e+00
  1.5152417e+00
  8.6192161e-01
 -1.0893446e-02
 -6.4249732e-02
 -5.3695161e-03
  5.0420642e-02
  7.5824317e-03
  3.2704705e-01
 -2.3212852e+00
  1.7366532e-02
  5.3954899e-01
 -2.5278397e-02
  5.3016818e-01
 -3.1385911e-01
  2.5364671e+00
  1.8294913e+00
  5.1023002e+00
  1.3826721e+00
  1.2052578e-03
 -9.0582952e-02
 -1.5890355e+00
 -1.2825614e-02
 -5.7135906e+00
  4.5287155e-02
 -6.7384518e-03
  2.6176253e-02
  3.5138304e+00
 -9.8366179e-02
  1.3479318e-01
 -4.7378355e-01
 -2.4625743e-03
 -8.8888098e-04
 -9.5872451e-03
  3.3670659e-03
 -8.3381776e-03
 -4.2236857e-02
  2.4972618e-02
 -4.9710977e-03
 -2.9687108e-02
 -1.7232158e+00
 -2.5963695e+00
  4.1032028e-01
  1.7973602e-01
 -5.4319704e-01
 -1.0781322e+00
  1.1468937e+00
 -9.2666608e-01
  2.7156322e+00
  1.3470187e+00
  1.4743177e+00
 -1.8593715e+00
 -2.8303308e+00
  2.7323917e-01
 -4.4216075e+00
 -9.1402429e-01
 -2.5242374e+00
 -1.4455856e+00
 -2.7533713e-01
  5.1364175e-04
 -1.5296168e+00
 -5.1756167e-01
 -1.7330307e-01
  1.2972650e-02
 -1.3804489e+00
 -4.4113774e+00
 -4.3439452e-02
 -1.6483247e+00
  1.0872999e-01
 -1.5756636e+00
 -2.0600746e+00
 -1.0132815e+00
 -3.9075902e-01
  6.3728219e-01
 -1.1015849e+00
 -7.9457194e-01
 -3.7862012e-01
 -3.0704215e-01
  4.6555468e-01
 -3.0408959e+00
 -1.4899778e+00
  9.5827204e-01
 -2.9690430e+00
 -4.1985025e+00
  8.6955392e-01
 -5.7993567e-01
 -4.3750757e-01
  5.6751940e-04
  4.4169305e-03
 -5.3437918e-01
  3.7469614e-02
 -2.5598821e-01
  6.0842140e-03
 -3.2782126e-02
  3.0818086e+00
 -1.6125587e-01
 -2.7462153e+00
 -7.8787214e-01
  1.9175996e+00
 -1.4863280e+00
  7.9430872e-01
  2.4457042e+00
  3.3228853e+00
 -1.5233475e-01
 -1.8223271e-02
  1.5349957e-02
  1.4855115e-01
  3.8057170e+00
  2.7859196e-01
 -5.6227099e-02
 -5.4266936e-01
  4.8166165e+00
  3.9829063e-01
  3.8896170e-03
  4.0466559e-01
  7.2434008e-02
  1.1894038e+00
 -8.0807658e-04
 -3.6375466e-01
  5.0179519e-02
  2.6582278e-02
 -2.2576180e+00
  2.3604527e-03
  1.4652703e-02
 -1.4371776e-02
  9.6944219e-01
  5.7941782e-01
 -1.3924795e-01
  2.8278076e-03
  8.1058013e-01
  2.2376573e+00
  7.9702800e-03
  5.3439975e-02
 -4.1279909e-03
 -1.9873397e+00
  9.8008923e-03
  3.4961024e-01
  1.6826299e+00
  9.7035694e-01
 -7.0053590e-03
  1.6993240e-02
 -1.0470431e-02
  8.7793446e-01
 -9.1156680e-03
  1.9855384e-02
 -6.8201303e-02
 -4.1097215e-01
 -3.1792797e-02
  9.0172417e-02
  3.0957000e-02
  1.0367914e-02
  6.7305751e-02
 -3.6190414e+00
  1.7253028e+00
  9.7070974e-01
 -2.7974875e+00
 -7.6633269e-01
 -2.7051729e-01
  1.4081136e-03
 -1.5505657e-02
 -1.9332970e-02
 -2.2422470e-02
  1.9485155e-02
  4.3738030e-02
  6.4540794e-03
 -1.8135171e-02
  7.2636572e-03
 -4.7650598e-03
 -2.0549040e+00
 -4.2265311e-02
  2.8511008e-02
  3.5091300e-02
 -3.1047210e-02
 -3.1116884e-02
 -9.9227969e-03
 -1.1874250e-02
 -2.1466894e-02
  5.4361564e-03
  6.5378696e-03
 -2.2650282e-03
 -3.5411350e-02
  7.3630750e-01
 -2.1088369e-02
  6.3789831e-03
 -7.3582134e-03
 -1.3600626e-04
 -1.5878053e-02
 -2.2080218e-02
  6.8174392e-01
 -1.5638374e+00
 -2.5849722e-02
  6.8922811e-03
  7.3218411e-03
  3.3685204e-03
  1.1343006e-02
 -1.8585395e-02
  2.7252777e-02
 -1.2352969e-02
  5.2537662e-01
  7.3417639e-03
  5.7640751e-03
 -8.6870873e-03
  8.8991618e-01
 -3.3369130e-03
  8.2271315e-02
  6.4349823e-02
  7.7423048e-03
 -7.3119201e-02
  1.4698205e+00
 -3.5775762e+00
  2.7226572e+00
  6.6658328e-03
 -4.3558145e-01
  4.8753548e+00
 -7.9666926e-03
 -1.1288268e-02
  3.2161162e+00
 -2.2854015e-02
 -7.4642533e-01
 -4.9191777e-04
 -1.2376117e-02
 -1.5192620e-02
 -1.3075510e+00
  3.4171764e-03
  2.5094736e-02
  1.1844771e-01
 -7.6129770e-01
 -4.6556953e-02
  3.4977999e-02
  1.0400855e-02
  9.8558124e-03
  3.6264914e-01
 -1.1936813e-02
 -1.9542515e-02
  8.6784369e-01
 -6.4592538e-03
  5.4156560e-02
  1.6395753e-02
  1.1483263e-02
  2.3669342e-02
 -3.4657799e-02
  4.8680888e-03
  1.4589055e-04
  6.5959918e-01
 -5.8562502e-02
 -5.4982654e-03
  3.0304873e-03
  5.2638436e-03
  1.3742207e-02
  1.3147146e-02
  1.7906699e-02
  1.1693732e-02
 -2.9702615e-02
 -3.0765621e-02
  2.6059257e-02
  3.3595066e-03
  2.4372671e+00
 -2.7800408e-01
 -9.5924455e-01
 -3.0049789e-01
  2.5628700e+00
 -2.4137503e-01
  5.9707962e-02
 -2.2682779e+00
 -8.9514947e-01
  9.3857497e-01
 -2.7814182e-02
  8.7301850e-01
  4.1872539e-02
 -1.4322991e+00
  2.7175205e+00
 -8.8783062e-01
 -7.8312922e-03
  6.5226734e-02
 -2.2134911e-02
 -1.2637055e-02
 -3.3575043e-03
 -1.7291988e-01
  2.2374080e-02
  4.5671605e-02
  7.7084529e-01
 -2.8974959e-04
  7.2293526e-01
 -4.0737543e-01
 -1.6344767e-02
  3.8141254e-02
  8.9612573e-01
 -5.8761150e-02
  1.0633107e+00
 -6.6907835e-01
  1.8420335e+00
 -3.3783484e-02
 -3.1173369e-02
 -9.1994796e-03
  3.0817118e-01
  4.4474002e-02
  2.9004898e+00
  4.3347650e-03
 -1.6921860e-01
  3.0670601e-01
 -1.9340821e-02
  1.7664181e-02
 -3.1444520e-02
  3.1257241e-03
  1.2041829e-04
  1.4286163e+00
 -7.8450024e-02
 -4.5998505e-04
 -1.5655389e-02
 -5.1646993e-02
 -1.5861797e-01
 -6.4180134e-04
 -9.5150612e-02
 -3.2379571e-01
 -5.7422984e-02
 -7.2333091e-01
 -7.2327472e-02
  2.0323026e-03
  5.9970603e-03
  2.8521631e+00
 -4.1012345e-03
  3.7880767e-02
 -3.2200573e-03
  1.7394001e-02
  8.4930388e-03
 -1.7628444e-02
 -1.6018130e-02
  8.5888785e-01
  9.5841294e-04
 -2.3972770e-02
 -4.5066695e-03
 -1.3559716e-02
 -4.4433065e-02
  1.1711826e-04
 -1.1227700e-02
  1.0282328e-02
  8.9792692e-04
  3.1969950e-01
 -2.5764976e-02
  3.8875078e-03
  2.7424211e-02
 -3.5349173e-03
 -2.4906827e-02
  2.7378392e-03
 -2.6439789e-03
  4.8375390e-03
 -3.3248372e-03
  6.1739064e-03
 -7.8668678e-03
 -1.1015732e-02
  1.9699320e-02
  3.4673291e-03
  2.0497520e-02
 -1.1044350e-02
  1.6555046e-04
 -4.5205489e-02
 -4.2029042e-02
  1.5921526e-02
  4.1832416e-03
  1.4056643e-02
 -1.4198191e-02
  1.3519107e-02
 -1.1198284e-01
  1.1409673e-02
 -2.1953933e-02
  7.2689699e-03
 -3.1347342e-02
 -2.2749500e-02
 -1.6492678e-02
 -2.2767234e+00
 -1.4129604e-01
  4.8687020e-01
  1.5539988e-02
 -1.4234497e-03
  9.4429208e-03
 -9.5089553e-03
  1.4170509e-02
 -2.1319110e-03
 -6.9912618e-01
 -6.9595437e-05
 -2.4063861e-02
 -1.7479992e-02
  3.0600352e-02
  9.9236015e-03
  1.5851688e-02
 -1.7186729e-02
 -3.1693511e-02
  6.4185727e-03
  9.1798510e-04
 -5.2579224e-01
 -2.9444213e-03
  1.0627629e-02
 -2.2604945e-03
 -5.9453584e-03
 -8.0870203e-04
 -1.1596862e-03
  1.3616903e-01
  5.0912565e-03
  2.1814804e-03
 -6.7772400e-03
 -6.3705035e-03
 -3.9539164e-01
 -7.1794684e-03
 -1.0190316e+00
  1.8487958e-02
 -9.0326741e-02
 -1.2768285e-03
 -4.0520434e-04
 -2.5863402e-02
 -3.8460273e-02
  2.2340486e+00
  2.6376341e-02
  3.9810695e-02
 -4.1861091e-02
  3.3747692e-02
 -6.0611786e-03
 -2.5809791e-02
 -5.7589151e-02
 -1.7791020e+00
  2.3436308e+00
 -7.2459302e+00
  2.9249434e+00
  1.6197976e+00
  5.3294110e-01
 -1.5577223e+00
  6.4760380e+00
  5.7715881e-01
  1.0963261e+00
  1.3086487e-01
 -1.7558972e+00
 -7.3485621e-03
 -2.3896182e+00
  6.8804488e-02
  9.5462894e-01
  3.1785707e+00
  2.5548172e-01
  3.2847688e+00
  1.3736449e-02
 -9.1180997e-03
 -1.0146672e-02
  9.9206007e-01
  2.3553560e-03
  7.2514582e-01
  5.7682481e-02
  1.3776873e-02
  4.4914117e+00
  1.2656547e-02
 -5.9296386e-03
  3.1294979e-02
  1.4246782e+00
 -7.5265639e-03
  2.7912846e+00
  1.6302528e+00
  7.1723402e-02
  3.6216104e+00
 -1.0810078e-02
 -4.1749366e-02
 -1.3269481e-02
  3.0891055e-02
 -3.7169412e-01
 -3.2920463e-03
  1.7957160e+00
 -8.5686928e-01
  1.2412144e-02
  2.2361921e-02
  9.6055521e-03
 -7.7667707e-01
  8.7606739e-03
 -3.3296730e-02
 -2.3456650e-02
  6.4801071e-03
  1.1628933e-02
 -8.7510389e-01
 -1.7448603e+00
 -5.5951543e-02
 -2.8718932e+00
 -3.2827768e-01
 -2.6582339e-01
 -1.9200734e+00
 -6.5703976e-01
 -7.2314286e-01
  1.4675579e+00
  7.9695694e-03
 -4.3852278e-03
 -2.2705909e-02
 -1.1254529e-02
 -1.0047412e-01
  6.7047782e-02
  3.4384936e-02
 -1.2911818e-04
 -9.4074905e-03
  1.3237766e-03
 -4.5591649e-03
  3.4122355e-02
 -5.6616898e-04
  2.7697652e-03
 -7.9271933e-03
  9.3027679e-03
  2.0981811e-03
  2.6054798e-02
 -2.8190099e-02
  2.0594673e+00
  1.3816127e-03
  9.2510097e-03
 -2.5879510e-02
  2.2403595e+00
  6.5305904e-02
  2.6608903e+00
 -2.5231892e-01
  5.4399494e-02
 -2.9797442e-03
 -1.2783837e-04
 -4.3463554e-02
  1.9491096e-03
  2.3597238e+00
  5.2611073e-03
  1.4213482e+00
  3.7766367e-02
  3.9644513e-02
  2.0851184e-02
 -1.4832245e-02
  1.0984714e-02
  3.7492044e-02
  2.9264758e-03
 -3.4473274e-02
 -1.9668827e-03
  9.8768324e-01
 -1.5145086e+00
  4.3036059e-01
 -8.8431227e-01
 -1.7843159e+00
 -1.1396609e-01
 -5.6094152e-01
 -1.3503118e+00
  3.7764952e+00
 -4.2022810e+00
  4.5542698e-03
 -1.5007316e+00
 -4.8597321e-02
 -8.4304923e-01
 -1.6493804e+00
 -8.7176800e-02
  6.5216804e+00
  1.6381961e-01
 -8.0514002e-01
 -1.8694023e-02
  1.4667393e+00
  1.6916530e-02
 -1.4314696e-01
  2.7083140e-02
 -4.0858844e-01
  1.7127166e-02
 -4.5880640e-01
  1.6247815e+00
 -9.0481294e-03
  2.2627108e+00
 -5.1071160e-02
  3.7416436e-02
  4.4813707e-01
  1.2825598e+00
  1.0757419e-01
 -1.9938865e+00
  2.8804669e+00
 -7.2358558e-03
 -2.1782190e-02
  5.2927345e-01
  2.0645387e+00
  2.1413296e-02
  1.6524792e+00
 -1.5244251e+00
  2.6454046e-01
  1.5218092e-02
  4.6264268e-03
 -6.9390428e-01
  3.5253160e-02
 -8.6468402e-03
  5.2270638e-03
 -2.3658384e-02
  5.0550770e-02
  1.5508350e-03
  4.2297993e-02
  1.4620868e-03
 -4.0916344e-03
 -5.2134735e-03
  1.6573738e-02
 -3.0372865e-02
  6.6672993e-01
 -6.1624460e-02
  3.6047481e-02
  1.7401684e-02
  3.0970860e-03
 -4.1973621e-02
 -4.4998668e-02
 -1.5541391e-02
  3.4262643e+00
  6.3378820e-03
 -4.8210071e-03
 -1.2033614e-02
 -2.5997724e-02
  1.8460698e-02
  1.3085173e-02
  7.9741478e-02
 -9.3880203e-04
 -2.3049715e-03
 -7.0434147e-03
 -6.4832987e-03
  7.6542725e-03
  1.7433411e-02
  1.0031501e-02
 -3.5492711e-02
 -7.5891516e-03
  2.7395056e-03
  2.4012899e-01
  3.4339936e-03
  1.4658821e-02
  3.1939605e-03
 -6.6137877e-03
 -2.7733054e-03
 -4.6895776e-02
  1.9023174e-02
  3.2567076e-02
  5.9336394e-01
 -1.0164814e-01
  7.2594034e-03
 -1.4742848e-02
 -1.9047754e-02
 -7.7837333e-03
  5.7413995e-02
  8.1059020e-03
  1.3477406e-02
 -9.7329170e-02
 -1.6612150e-02
  3.2703474e-02
  8.8949567e-03
 -4.9636230e+00
 -1.3285185e+00
  7.3324823e-01
 -1.8689369e+00
 -1.5673293e+00
 -1.1894320e+00
  1.2833756e+00
  1.6465174e-01
 -6.7409277e-01
  2.2787708e-01
 -1.4769905e-02
 -1.5050882e-02
  5.1973434e-03
  1.5406917e-01
  2.8953941e-03
  7.6261455e-01
  1.9242711e+00
 -2.8404353e+00
  4.9964795e-01
 -5.0413818e-03
 -9.4418945e-03
 -1.9809864e+00
 -1.1776697e-01
 -8.5130846e-03
 -2.4500294e-03
 -5.3994413e-03
  1.0178239e-02
  1.2423483e+00
  4.1904254e-03
 -1.3971758e-02
 -5.4758185e-01
  1.8466277e-02
  3.6405727e-02
  2.3836830e-01
 -1.7850016e+00
 -2.2345165e-02
 -6.4610921e-02
 -2.7366705e-02
 -7.2136015e-02
  3.2835751e-04
 -2.4986122e-02
 -6.3934959e-03
  4.3685518e-02
 -1.4966742e+00
 -1.7158533e+00
 -1.0734982e-02
 -2.9735608e-02
 -1.5467108e-02
  1.3422240e-02
  1.4189146e-02
 -8.9661460e-03
  4.2347863e-02
 -9.7162873e-03
  1.3708721e-02
  9.1096526e-03
 -2.3460989e+00
  2.1336801e+00
 -4.7353142e-01
 -7.3864665e+00
  4.7781113e-01
 -2.1433546e-01
  2.6816988e-01
  3.6767080e+00
 -1.2837025e+00
 -1.7165623e-03
 -9.6796386e-02
  4.3359461e-01
  1.0148196e+00
 -7.5896949e-02
  2.0158625e+00
  5.4415947e-01
  4.0875754e+00
 -2.0850320e-01
  6.8305824e-03
  2.4327303e-03
 -2.4459148e-03
 -7.6778918e-03
 -2.1658711e-01
  1.5735554e-02
  1.4484850e-02
 -4.5675629e-01
 -6.5640248e-02
  9.9379115e-02
 -4.5430180e-02
  2.8407604e-03
  1.2017806e+00
 -6.2787968e-01
  1.9845141e-01
  5.6163448e-01
  3.3805512e-02
 -6.8993479e-02
 -8.0325158e-04
  1.4636765e-03
  9.2380214e-03
  5.7993294e-03
  4.9036376e-02
  2.9268224e+00
  1.6697432e-01
  2.8347042e+00
 -9.1303483e-02
 -4.7955159e-04
  1.3243336e-02
 -9.6210716e-03
 -9.8674186e-03
  4.6087446e-04
 -9.2595406e-03
 -2.1789605e-03
 -2.0968968e-03
  1.9621174e+00
 -1.8953882e+00
  3.3986330e+00
 -1.1222808e-01
 -1.9761330e+00
  1.3731326e+00
 -3.7275991e-01
 -2.3163843e-01
  1.1657162e+00
  7.9111987e-01
 -2.7111137e-02
 -1.7515792e+00
 -1.0020775e-02
 -1.0397074e-02
 -1.2808013e-01
 -2.1743909e-02
 -8.4860820e-01
 -1.3536951e-01
 -4.1119284e-03
  2.2034222e-02
 -2.1075781e-02
 -9.9971995e-02
 -1.3376522e-01
 -2.4929271e+00
  3.3927115e-03
 -1.8857585e+00
  3.2531336e-02
  2.5316038e+00
 -2.6092925e-03
 -7.4952424e-02
  6.9377804e-01
  5.6028354e-04
  3.7080764e-03
  8.8379674e-02
 -9.7645801e-03
  1.5713844e+00
 -8.0794662e-01
  9.0316907e-03
 -2.0798298e-02
 -3.5054204e+00
  3.3236936e-01
 -5.1901140e-03
  1.7808285e+00
  3.5746262e+00
  2.0451656e-01
  2.5297550e-02
  5.0750002e-03
  9.4515586e-04
 -1.6134540e-02
 -1.2576090e-03
 -2.3121992e-04
 -5.4904865e-04
  4.0974367e-02
 -1.0779899e-01
 -3.2849548e+00
  6.0205986e-03
 -4.3861412e-05
 -3.1208936e-02
  2.4469185e-03
  1.2606129e-03
  1.0872145e-02
 -1.8700421e-03
  1.7779855e-02
  3.6439162e-03
  5.1994068e-03
  1.0245612e-02
  1.5159851e-03
  6.9207460e-01
  8.5045956e-04
  1.6849224e-02
  3.0397277e-03
 -7.8957882e-03
 -5.0293333e-03
 -1.3341601e-02
  2.6724497e-02
 -1.0564518e-02
  1.5776183e-02
  1.5409985e-02
  8.7392488e-03
  1.7251596e-02
  1.4625615e-02
 -1.2179950e-03
 -4.9559600e-03
  1.3359627e-02
  1.5360648e-02
  2.6722999e-02
  1.7898584e-02
 -1.2107648e-02
  2.7357116e-02
  2.4982803e-03
 -8.9744717e-04
  1.3139499e-02
 -6.3796238e-06
 -2.5122436e-02
  2.5173938e-03
  3.3570109e-03
 -3.3692095e-02
  1.2952256e-02
  2.6722062e-02
  4.4970205e-03
 -4.0181014e-03
 -1.3803229e-03
  7.6434826e-03
 -1.5827975e+00
 -2.4242874e-02
  6.5803071e-03
 -1.2779717e-02
 -7.5158780e-03
 -1.2232553e+00
 -8.8168997e-01
 -1.4117010e+00
  1.1334697e+00
 -8.7539351e-01
 -4.5139976e+00
 -8.6783630e-01
 -1.0389504e+00
 -1.8395301e+00
 -1.1815896e+00
  2.0905116e-01
  2.9136160e-02
 -1.8254969e+00
 -3.4499125e+00
  1.1512054e+00
 -8.8341975e-01
  1.2566671e+00
  3.0735525e-01
 -4.2435622e+00
  8.6168945e-01
  9.3908705e-02
 -7.9088235e-01
 -3.0506990e+00
 -1.5588435e+00
 -1.2618225e+00
 -4.3467531e+00
  5.4649699e-01
 -1.6668603e+00
  9.9873972e-01
 -1.6565612e-01
 -5.8370638e-03
  1.7135671e-01
  4.3639633e-01
 -2.1009195e+00
 -2.8397495e-01
 -2.2512777e-02
 -1.5597944e+00
 -1.2188566e-02
 -3.1854157e+00
  1.5985237e+00
  1.2356031e+00
 -9.9848740e-02
  5.0418496e-01
 -2.6801057e+00
  3.1256239e+00
 -3.7523806e-02
  4.1899811e-03
 -4.7369875e-02
  6.6581145e-03
  1.2629912e-02
  1.1577561e-02
 -2.2163022e-02
 -7.9141129e-03
  2.8252243e-03
  1.1108961e-02
 -5.9146183e-03
 -1.0334327e-02
  3.2772892e+00
 -1.4554191e-02
 -7.0685618e-02
  1.0443264e-01
 -3.3018908e-01
 -1.9125359e-02
  1.4260810e-04
  4.9643237e-03
  1.3134255e+00
  3.3652792e-03
 -8.1113689e-03
  6.6776462e-03
 -1.6337639e-02
 -1.9760849e-03
 -1.8005066e-02
  1.4269608e+00
 -1.8256897e-02
  1.2414622e-02
 -1.4083280e-02
 -5.6368290e-03
 -1.0164266e-02
 -8.4274607e-03
  9.1028837e-03
 -2.0087695e-02
 -4.7721970e-03
 -1.1116532e-02
  2.2723526e-02
 -1.2700759e-02
  2.0865865e-02
 -4.6794652e-03
 -2.0101974e-03
 -6.2785805e-03
  2.9403579e-03
  3.0907819e-02
  4.4117481e-03
 -1.0072024e-02
  1.9437421e-02
 -4.9816114e-03
  8.5022729e-03
  1.2694276e-03
  5.1983329e-03
  2.8773632e-03
 -6.4693829e-03
  6.7688240e-04
 -4.4492832e-03
  1.7420305e-03
  1.7579639e-02
  2.4213344e-01
 -1.3570835e-02
 -4.1478663e-03
  3.1142558e-03
  1.7571615e+00
  2.7274988e+00
  1.3308886e+00
 -4.6054244e+00
  5.8610921e+00
  9.3277842e-01
 -7.7378762e-01
  3.4422204e+00
  1.5902197e+00
  6.9849676e-01
  2.2569997e+00
 -2.2024355e+00
  7.7111948e-01
  1.6547420e+00
 -2.5755689e+00
 -8.9909444e-03
  1.9144149e+00
 -1.2668173e+00
 -1.9716617e+00
  2.1765909e+00
  3.0357873e-01
 -7.1641807e-03
  1.7578971e+00
  2.4571471e+00
  1.3488944e-02
  2.2317350e-02
 -9.5572554e-02
 -9.8553836e-01
  3.4592788e+00
  1.3450962e-01
  1.1258056e+00
  2.7556296e-02
  2.2168338e-01
 -1.1751847e+00
  5.5063158e-01
  4.1566017e-01
 -3.3579525e-01
  5.5071115e-01
 -6.7414106e-03
 -6.7484595e-02
 -3.9115548e+00
  2.8020875e+00
 -1.4053861e+00
  1.2763295e-01
  9.6264219e-01
 -3.5230452e-03
 -6.0512568e-03
  2.6854143e-02
  2.9654759e-03
  1.2746424e-02
 -7.2619128e-03
 -1.2037902e-02
  8.3440412e-03
 -3.4129754e-01
  3.5013199e+00
  7.9923767e-01
 -1.5676848e+00
  8.3472162e-01
  7.4382597e-01
  3.6100161e+00
 -1.5456818e+00
  1.4976298e+00
  2.1220870e+00
 -1.3529037e+00
  2.8635979e-02
 -6.2518877e-01
  3.2230166e-01
  9.0958458e-01
  1.3198755e+00
  1.2919836e+00
 -1.6772261e-01
 -2.0200875e-01
  1.7081087e+00
 -2.2813555e-02
 -2.4090382e-01
  5.5378109e-01
 -8.5608505e-02
  9.5515158e-03
  1.7621821e-03
  2.6730704e-01
  2.8580148e+00
  5.4558263e+00
 -1.1793003e+00
 -1.4351892e-02
  1.0925581e+00
  1.6759582e+00
 -1.9171170e+00
 -6.0627055e-03
 -4.5694103e+00
 -7.7172839e-03
  2.1554062e+00
 -7.2528357e-03
 -2.0451268e-02
 -4.6471448e+00
 -4.0346360e+00
  1.5377362e-02
  3.7005508e+00
 -1.1957651e+00
 -3.9707318e-01
  1.0676240e+00
  1.3972775e-03
  7.9514744e-04
 -7.2708530e-03
  4.1060638e-02
 -2.0093834e-02
 -5.1233083e-01
  4.8806623e-02
  7.4229926e-01
  1.6621050e+00
  1.2657102e+00
 -9.1763060e-05
  1.0698501e+00
  1.2727246e+00
  5.4964886e+00
  2.0900154e+00
 -7.4930507e-01
  1.7682262e-01
  3.6833261e-03
  4.4128664e-02
  1.2552797e+00
 -7.3904026e-01
  1.9485144e-02
 -2.0500582e-02
  6.0250318e-01
 -3.9002454e-01
 -1.1137933e-02
  2.7676174e-01
 -3.8541644e-04
 -3.2311857e-02
  7.6292371e-03
  3.1309873e-02
 -6.8058452e-04
  5.1906379e-03
  2.2573154e-03
  3.6358698e-03
 -7.6093459e-01
 -8.5411452e-02
 -1.0295764e-04
 -4.4627839e-01
 -1.9577897e+00
  1.8593896e-02
 -8.5628474e-01
 -2.3400927e+00
  5.5082202e-01
  7.1119255e-01
 -4.0667422e-02
 -5.8639717e-01
 -1.6740786e+00
 -1.8430130e+00
 -9.1473162e-03
 -8.0547374e-01
 -1.4888203e-01
 -2.1363168e+00
 -9.3577486e-03
  4.1650213e-02
 -9.7030655e-02
  1.3957452e-02
  3.5960542e-03
 -1.8159496e-02
  2.8319258e-02
 -2.2824375e-02
  3.4645738e-03
 -4.0476856e+00
 -3.3917919e-02
  2.3759274e+00
 -2.1556051e+00
 -1.8686030e+00
 -1.3145582e-01
 -4.7181499e-01
 -3.1635642e+00
  3.5427501e+00
 -1.1667507e+00
 -7.8509726e-02
  9.6851503e-03
  2.1402364e+00
 -1.0323598e+00
  8.6634642e-01
  5.8017422e-02
  4.6620395e-02
 -1.0136317e-02
  2.9128805e-02
  1.3668832e-02
 -3.0218607e-02
  5.3127035e-02
  1.9783813e-05
 -2.7752874e-02
  5.6893997e-02
 -8.1705564e-01
  4.2168867e-02
  4.2919395e-03
  3.8159560e-02
  3.4858407e-03
  5.7138586e-01
 -2.6163528e-02
  3.0761065e-03
  1.9224025e-02
  2.7430487e+00
  3.2172272e-01
  3.1127992e-01
 -5.2292030e-03
  9.1370577e-03
 -2.3411816e-02
  2.4609959e-02
 -2.6969111e-03
 -4.9285880e-01
 -1.6783085e-02
  7.2695664e-03
  1.0949610e-02
  4.8374417e-03
 -1.1666794e-02
  6.8899065e-01
 -1.5814705e-02
  2.0536976e-02
  3.9558215e-03
 -3.6289459e-03
 -3.6732454e-02
  1.9873987e+00
 -4.5489606e-01
 -9.3807042e-01
  2.8816128e-01
 -3.2804269e-01
  1.4028196e-01
 -3.3777986e+00
 -4.5897061e-01
  2.2757676e+00
  9.3367748e-02
 -4.8215212e-03
  1.0646611e-02
  4.9761753e-03
 -3.1063519e-02
  1.0190444e-01
  1.4503850e-02
  2.9202202e-02
  2.6132423e-02
  6.6850851e-03
  3.2707367e-02
  3.7829205e-02
 -4.9372730e-03
  1.1071068e-02
 -3.5624468e-04
 -2.6141178e-02
 -1.9453011e-01
 -5.4804539e-05
  3.8249271e-03
 -2.1473477e-02
 -4.4318656e-03
  2.0351144e-03
  1.8780198e-02
 -8.4783314e-03
 -2.7625151e-03
 -1.4220943e-02
 -1.1487290e-02
  1.7647088e-01
 -1.9225838e-02
 -3.1607460e-02
  1.4785627e+00
 -1.4586473e+00
 -5.0587106e-02
 -2.3251746e-03
 -1.1649766e+00
  2.9786739e-02
 -2.2869455e-02
  1.3539752e-02
  1.6118115e-02
 -2.1860206e+00
  9.1725099e-04
  2.0025468e-02
  3.5089042e-02
 -4.9385673e-01
  3.4942091e-02
  3.8476821e-02
  5.9794635e-03
  1.0646799e-02
  1.3724716e-01
  8.5209250e-02
  1.6263207e-02
  1.2689433e-01
  2.8674814e-03
 -9.2467599e-02
 -4.1243248e-02
 -1.0543665e-02
  8.3707012e-03
  6.9889789e-03
  9.3159573e-03
 -9.1075022e-03
  2.4108700e-02
  2.2007858e-02
  2.3724224e-02
 -3.8282081e-02
 -1.4824808e-02
  4.6540820e-04
 -5.3398367e-02
 -1.6870582e-03
  3.4854974e-04
  3.9109591e-02
  1.0959066e-03
 -1.0115618e-02
 -3.8277797e-02
 -2.4934006e-03
 -5.9201713e-03
  3.3459514e-02
  1.0332630e-02
 -3.3413880e-02
 -4.8233895e-03
  3.8907498e-03
  1.4612264e-02
  2.0733498e-02
  1.5891884e-03
 -2.7790971e-02
 -2.5190607e-02
  1.2895769e-02
 -2.6859621e-02
  2.8319774e-02
  5.1350962e-02
  1.2002228e-02
  4.5895319e-02
 -5.9402543e-03
 -2.5132973e-02
  8.8425297e-03
  2.9149864e-02
  9.0028625e-03
  3.5672568e-02
  6.7852587e-03
  1.4901215e-02
  5.1366597e-02
 -6.1135137e-01
  6.1553181e-03
  2.8834976e-03
  4.1743889e-02
  3.0909633e-02
 -5.8376558e-05
  4.5646936e-02
 -2.7337654e-02
  9.3864119e-03
  4.1509062e-02
  3.2198831e-02
 -1.4004122e-02
 -6.9197570e-03
 -3.2411192e-02
 -3.8607534e-02
 -1.0842294e-02
  1.7377112e-02
 -1.8398468e-03
 -2.5056840e-03
  1.2328637e-02
 -1.5386085e-02
  2.0110863e-03
 -6.1414968e-02
  4.4050640e-03
 -1.6721889e-02
 -1.7293461e-02
  1.6318370e-02
 -1.4624334e-02
  1.1130096e-02
 -9.5726922e-03
 -2.3762723e-02
 -2.9852105e-02
  3.1014754e-02
  1.1896326e-01
 -5.1028668e-03
 -1.0238330e-02
 -2.3255656e-02
 -3.9964102e-02
  3.7412664e-03
 -2.1566980e-02
 -1.0811090e-02
  9.7125210e-03
  6.3942126e-03
  4.9633812e-03
  1.9907869e-02
  8.6020783e-02
  8.4286043e-03
 -1.7218643e-03
 -2.5210440e-02
 -5.1201149e-03
 -1.0878763e-03
 -3.4276124e-02
 -1.5137459e-02
 -4.7454849e-01
 -4.5206198e-03
  6.5905941e-01
 -6.3176411e-01
 -1.2070660e-02
 -1.4990298e-02
 -3.1195435e-01
  1.0625852e-02
  1.0220799e-02
  1.2556243e-01
 -1.2336024e-02
  6.7277257e-03
 -2.8981319e-02
 -1.6851330e-02
  2.4627135e+00
  1.5785875e-02
  1.8125666e-02
  4.4203131e-03
 -3.9425449e-04
 -2.9833654e-02
  3.7802115e-02
 -1.3854946e-01
 -1.8494744e+00
  8.1687450e-04
  3.1461239e-02
  5.0274180e-03
 -7.4851881e-03
  4.0446568e-02
 -1.8741695e-02
  1.3873822e-02
 -1.2854947e-03
  1.3451002e-02
  1.1910540e-02
  2.3920786e-02
 -2.1940010e-02
 -6.1108177e-03
  1.0370205e-02
 -2.1653257e-03
  3.4787662e-02
 -6.5330788e-04
 -7.2082775e-03
  1.4799063e-01
  8.9225424e-03
  4.0446762e-03
  2.0815898e-02
  8.6221602e-03
 -1.0212107e-02
  1.1814791e-02
  1.4361610e-02
 -6.3031435e-02
  3.3762328e-02
 -1.4129065e-02
 -2.3080768e-02
 -3.0316070e-02
  2.1470317e-03
 -1.3389120e-01
  9.8864420e-04
 -4.2873439e-01
 -9.0067675e-03
 -2.0693669e-01
 -1.4432342e-01
 -3.3363428e-02
  5.5315030e-01
  4.5825159e-03
 -3.9321613e-02
 -1.0922141e-02
  3.8917355e-02
  1.3156156e-02
 -1.6423350e-02
  3.6192067e-02
  1.3315797e-02
 -2.6619670e-03
  8.8554015e-03
 -1.1183373e-02
  5.7591371e-02
 -5.0305096e-03
  2.8959895e-03
  7.6200981e-03
 -1.5885388e-03
  2.0570170e-02
 -3.6906274e-03
 -2.4478326e-02
 -1.0243833e-02
  1.0530043e-02
 -4.4532612e-02
 -8.7208804e-03
  2.3692332e-02
  1.2770791e-02
 -9.6842106e-03
  2.9516991e-03
  2.7599636e-01
  3.5847232e-02
  3.9156792e-03
  2.6717167e-03
  2.1617634e-02
  1.5114539e-03
  2.4000648e-02
 -1.4831756e-02
 -1.1887972e-02
 -1.3491117e-02
  7.3276348e-03
 -2.5322032e-03
 -2.2249855e-02
  2.4526422e-01
  9.5301699e-03
 -3.9420254e+00
 -7.7070007e-03
  2.5440348e-02
  1.2347035e+00
 -4.6754045e+00
 -7.6255268e-01
  1.4570197e+00
  1.4348969e+00
  1.2743777e+00
  1.3907665e+00
  6.3632566e-01
  8.3609242e-03
  1.5671952e+00
  3.7404485e+00
  2.1366277e+00
 -2.4257793e+00
  1.9928058e+00
  1.6509311e+00
  3.3026718e-02
  2.7570337e-01
  5.0004181e-03
 -6.1756754e-01
 -1.7133021e-01
  3.4715748e-01
  1.1164645e-02
  2.4140465e+00
  2.3335872e+00
 -5.6076276e-01
  1.1679844e+00
  3.5933182e+00
 -5.6318164e-01
  3.6681876e-01
  3.6478004e-01
 -2.7191365e+00
  1.7553219e+00
  2.0860532e-01
 -1.3992520e-01
  1.8076543e-02
  5.9573736e-02
 -4.5152107e-01
 -5.3683005e-02
  7.0207644e-01
 -7.5799353e-02
  2.1785655e+00
  1.6864249e-02
  4.8239827e-01
  8.4400600e-01
 -1.6327110e-01
  9.7815925e-03
  1.3339442e-03
  8.4421498e-04
 -9.4287403e-02
  2.0917494e+00
  2.7992604e-03
  7.6617785e-02
  9.3973428e-03
  2.8150063e+00
  1.7813797e-01
 -3.0886033e-03
  2.2345476e-02
  5.6363422e-01
  4.6679657e-03
  4.9933672e-02
  1.7111483e-01
 -3.2513779e-02
 -4.1951872e-02
  2.8063787e-02
  1.0023984e-02
 -3.1309728e-02
 -1.6522789e-02
 -3.2477966e-03
  8.4715773e-04
  2.0496640e-02
 -2.1387481e-03
  2.3589579e-02
  2.7719010e-03
 -1.3710199e-02
  3.1163380e-02
 -5.3664008e-03
  4.1463652e-01
  3.6219398e-03
  9.0314187e-03
 -1.8290944e-02
 -3.9791647e-02
 -8.0873286e-03
  6.7049591e-03
 -1.5065078e-02
  1.1459764e-02
 -8.3086407e-03
 -1.6659483e-02
 -2.9720750e-03
 -6.1223365e-02
  3.6472984e-02
  7.2737366e-02
 -3.3885732e+00
  1.7625872e-02
  4.9235569e-03
  8.5719246e-03
  1.6670870e-02
  2.7132235e-02
 -1.4228432e-02
  1.1409028e-02
  4.1589313e-03
 -2.6266983e-02
 -1.8856514e-02
 -6.6881925e-03
 -7.4105840e-03
 -3.0641584e-02
 -5.0571468e-03
  3.8053837e-02
 -4.0861201e+00
  8.7020576e-01
 -1.1286408e+00
 -2.9246185e+00
 -3.0413000e-02
 -4.3059125e+00
 -7.7299762e-01
 -1.5357040e-01
 -3.9683249e+00
  1.3332716e-01
  2.5155742e+00
 -2.2770543e-02
  5.7354294e-02
 -1.6626406e-02
 -3.6354303e-02
  1.4205732e+00
  1.0287217e+00
 -1.3477201e+00
  3.3234552e-02
  1.5210618e-02
 -4.1708123e-02
  8.6026087e-02
 -3.0239485e-03
  1.0812795e+00
  2.1290692e-02
  7.9074726e-02
 -5.4264136e-02
  1.5782790e+00
 -3.4586372e+00
 -7.1053155e-02
 -4.4623842e+00
 -7.8486195e-03
 -1.4405869e-01
  1.5052578e+00
 -4.3782648e-02
 -2.9684111e-01
 -2.2838688e-02
  1.5006479e+00
 -1.7419072e-02
 -1.6390755e+00
  2.7162926e+00
  3.7441390e+00
  5.9872549e-02
 -8.0983609e-01
  3.2785408e+00
 -3.6608520e+00
  2.9927596e-02
  2.1206653e-02
 -9.2200339e-03
  6.0913607e-04
 -1.5637051e-01
 -4.6799299e-03
 -4.3317400e-02
 -2.8474407e-02
  1.6581791e-02
  2.4408460e+00
 -4.1371484e+00
 -7.0075077e-01
  1.3556966e+00
  7.6761198e-01
  2.9768147e+00
 -5.7828075e-01
  1.3769035e+00
  3.0803189e+00
  1.6580144e+00
  1.6207956e+00
  2.1142957e+00
 -2.0266027e+00
  2.1516726e+00
  2.4785693e-01
 -3.8362827e+00
 -4.5059869e-01
  1.9688773e+00
 -1.1497816e+00
 -1.7631648e+00
  1.3322490e+00
 -2.1925175e+00
 -2.5312042e+00
 -6.4181051e+00
  1.1348741e+00
 -1.5658838e+00
  3.3829160e+00
 -2.7625532e+00
  6.2458474e-02
  1.9982860e+00
 -1.9122547e+00
  2.2417991e+00
 -6.2351257e-01
 -2.0497084e+00
  2.0803571e+00
 -3.0873303e+00
  2.6969681e+00
 -2.7264893e+00
 -3.3609433e+00
 -1.8715448e+00
  1.2640519e+00
  2.6996808e+00
 -3.3483126e+00
  2.1196356e+00
 -1.4587489e+00
  2.0789981e+00
 -1.5515763e+00
  2.4267106e+00
 -1.4520600e+00
  2.8379986e-01
 -1.6499525e+00
 -2.3737161e+00
 -3.2354584e+00
 -2.7517653e-01
  2.0871921e+00
 -2.0758297e+00
  2.4646621e+00
 -8.0417287e-01
 -9.7814560e-01
 -1.8144090e+00
  8.4326118e-01
 -2.3771360e+00
  2.7110810e+00
 -1.0467837e+00
  2.9824643e+00
 -2.0177977e+00
  1.5917401e+00
  1.5475991e+00
 -2.0863488e+00
 -2.5174184e+00
  1.3445231e+00
  7.2615534e-01
  3.3266208e-01
  2.3350663e+00
  2.0649452e+00
  4.1466781e-01
 -2.5375431e+00
 -1.9395905e+00
 -2.1838145e-01
  2.5373762e+00
  3.2248834e-01
  2.8464050e+00
  7.3262256e-01
  2.8086758e+00
 -2.0032573e+00
 -1.9982376e+00
 -4.8261824e-01
  1.7603693e+00
 -1.6770749e+00
  2.0468707e+00
 -4.1279011e+00
  5.0832860e-02
  3.3792707e-01
  2.2016304e+00
  3.4340644e+00
 -2.4837577e+00
 -1.9768900e+00
  1.2156203e-01
  2.7930796e+00
  2.7801099e-01
 -8.4257334e-01
  2.0117693e+00
 -7.2620064e-01
 -4.7577834e+00
 -1.7912856e+00
 -2.8366318e+00
 -3.2761213e-01
 -2.1424272e+00
 -2.9954360e+00
  1.7651771e+00
 -1.8065351e+00
 -3.3770413e+00
  7.9907978e-01
 -1.9299239e+00
 -1.1926107e+00
  1.7808064e+00
  1.7500291e+00
 -1.8120602e+00
  2.3985405e+00
  3.2868602e+00
  2.0680580e+00
  4.4411349e+00
  1.3640208e+00
  1.6547831e+00
 -3.7473691e+00
  1.4815335e+00
 -2.2144537e+00
  1.9599396e+00
 -1.8422197e+00
 -9.0258968e-01
  2.9529199e-01
 -1.5683794e+00
 -1.7073569e+00
  3.1539911e-01
 -1.8083824e+00
  1.5396901e+00
 -2.9387372e+00
 -6.5257138e-01
  1.3305131e+00
  1.5794165e+00
 -1.9543762e+00
 -6.1543888e-01
  8.3416996e+00
 -2.7879696e+00
  1.0196202e-01
 -3.1678305e+00
  1.3414572e+00
 -6.9845090e+00
 -1.0547541e+00
  1.5940282e+00
  1.1255211e+00
  1.9512582e+00
  2.5186226e+00
  1.7509978e+00
 -3.5684190e+00
  4.0457866e-01
 -4.8371224e+00
 -9.5188940e-01
  7.2586942e-01
 -4.8904350e-01
 -8.5880578e-01
  3.9645514e+00
 -1.6216564e+00
  6.8548560e-01
 -4.0130873e+00
  5.1595535e+00
 -2.4336998e+00
 -3.9441547e-01
  4.6568370e+00
  4.7322068e+00
 -2.9642766e+00
  2.6135545e+00
  1.0172385e+00
 -7.0182762e+00
 -2.2755828e+00
 -1.3738891e+00
  3.0246685e+00
  1.2385069e+00
 -2.4667199e+00
  3.7586248e-01
  1.0296654e+00
 -4.1575460e+00
  5.6832302e-01
  8.0818450e-01
  1.7679745e+00
  1.6306670e+00
  1.6949375e+00
  6.2546861e-01
  4.3768158e+00
 -6.6059680e+00
 -1.2213143e+00
 -5.4425150e-01
  5.1455903e-01
 -8.6246741e-01
 -3.2273917e+00
  2.7573740e+00
  2.2974272e+00
 -2.1718941e+00
 -5.4052272e+00
  1.0659540e+00
 -1.1000481e+00
 -2.2251320e+00
  1.2152205e+00
  1.8321284e+00
  5.5935369e+00
 -9.4678557e-01
 -7.7015102e-02
 -4.0110064e-01
 -1.7655832e+00
 -3.3523593e-02
 -7.1184003e-01
 -8.4779091e-02
 -1.0403611e-02
 -3.9272863e-02
 -8.4769372e-03
  1.6929965e-01
 -1.4996424e-01
  1.1460873e-02
 -1.2417638e-01
 -1.5229950e-02
  2.4071224e+00
 -4.4722807e-02
  5.4531343e-02
 -3.2456238e-02
  4.4799638e-01
  9.3780570e-02
 -3.5666473e-02
 -6.3535059e-03
  6.8342727e-01
  1.2798220e-01
  8.5043892e-02
 -6.9699317e-02
  2.2853497e-01
 -3.8693480e-02
  2.1261469e-01
 -9.0351000e-02
  1.1469213e-02
  1.3581458e-01
 -2.4862752e+00
 -1.0373948e-02
 -2.7379680e-02
  1.6037526e+00
  1.1367072e+00
 -4.8301107e-01
 -4.6324134e-02
 -1.5415180e+00
  2.6848105e-01
  3.4435946e-02
  3.9935568e-03
  5.9559654e-02
 -2.9310554e-02
  9.1183046e-03
  9.9774383e-02
  7.6079564e-03
 -1.5391102e-01
 -9.7678080e-02
 -2.8592961e-02
  7.5523621e-01
 -3.4838936e-03
 -1.8876427e+00
  2.1328723e-02
  2.1125023e-01
 -5.1151216e-02
 -6.1230280e-02
  8.9673728e-02
  5.1977240e-02
 -1.1377501e-01
  1.0164631e-02
 -9.3097068e-02
 -1.1643622e+00
 -8.3191050e-03
 -2.8953563e-02
 -6.9011739e-03
  1.6548892e-02
  4.4313475e-01
  8.2760729e-02
  1.1742406e-02
 -4.1472115e-02
  3.1125573e-02
  1.4791074e-02
  6.5573663e-02
  3.2922275e+00
  2.8474478e-02
 -1.0059575e-01
  3.8432833e-02
 -3.6213804e-02
 -9.0066597e-02
 -1.5001229e-02
 -6.8582609e-02
  4.4793855e-02
 -6.5341033e-02
 -2.1727961e-02
 -2.8288129e-01
 -1.2807775e-01
 -3.0380528e-02
  2.2408513e-02
 -1.8148647e-03
 -1.4534084e-03
 -1.3136008e+00
  1.5676849e-01
  7.0506252e-02
 -3.3305228e-02
  1.2921466e-02
 -5.6707654e-02
  5.9791401e-02
 -8.0419496e-02
 -2.0209316e-02
  1.9818099e-02
 -8.5746574e-01
  6.4107981e+00
  1.7648948e+00
  2.5800097e+00
  1.8405004e-01
 -6.5536010e-01
  3.0939915e+00
  9.8198110e-01
 -8.7096256e-01
  4.4740207e-02
  1.0782048e-03
 -4.0355280e-01
 -4.0223856e-02
  3.5145310e-01
 -7.1507835e+00
 -2.0661479e-02
 -2.2807131e+00
 -2.8312334e-03
  1.6583741e-01
  3.1677932e-02
 -4.2335610e+00
 -2.4928803e-02
  4.0887810e-02
 -2.8425837e+00
 -4.0454202e+00
  2.6187396e-02
 -6.3303381e-02
 -8.7258453e-03
 -2.0516569e-02
 -8.8048005e-01
 -1.0315272e-01
  3.1933296e-01
 -4.7207866e+00
 -3.6475879e-01
  2.1301134e+00
 -1.1409562e-03
  1.9295786e-01
  4.2393222e-04
  3.6977866e+00
 -4.7562473e-02
  8.6327702e-02
 -1.0056702e+00
 -4.7736442e-01
  3.2571466e+00
  2.2427650e-02
 -9.3665179e-03
 -6.0552310e-02
  5.1127910e-03
 -3.3244167e-02
  1.4448165e-02
  4.6380740e-02
  4.5410953e-02
 -9.4175630e-05
  2.1724672e+00
  6.5715358e-02
 -3.9530300e-02
  4.1784476e-02
 -1.1047208e-01
 -2.8849667e-01
  2.9532889e-01
 -1.3642038e-01
  7.5220686e-01
  3.9058384e-02
  4.6365220e-02
  5.3319708e-02
 -2.6189592e-02
  2.2616692e-02
  8.8700168e-02
 -3.6212143e-03
  9.7538251e-03
 -6.4593241e-02
  3.8818873e-02
 -9.5822420e-03
  5.4784520e-03
 -2.2290645e+00
  7.2682120e-02
 -1.6200172e-02
  1.3754467e-03
 -4.8823715e-03
 -8.3712591e-03
  2.6603848e-02
 -3.1344278e+00
  1.3606328e-01
  4.6403050e-02
  6.8032765e-01
 -9.3736881e-03
 -2.3332736e+00
 -4.7674160e-02
 -7.5343005e-02
 -1.7840691e-02
 -4.4932275e+00
 -2.8296035e-02
 -3.6636021e-02
  3.6465950e-02
 -3.5454672e-02
  3.6160497e-03
  7.7506387e-01
 -9.1093428e-02
 -1.1702152e-01
 -1.3326254e-01
  2.6752867e-02
 -2.9993663e-02
  2.2566799e-02
 -1.5743349e-02
 -1.5659630e-02
  7.1513996e-02
  5.1780965e-02
  5.4828918e-01
  2.5110593e-01
 -1.3105237e-01
  1.1264973e-01
  1.2575153e-01
 -1.1987580e+00
 -2.5299674e-02
  1.7996402e-01
 -2.7059993e-01
 -1.4753795e-01
  2.7501116e-02
 -7.8497596e-02
 -2.6956629e-02
 -3.7897639e-02
 -6.3930318e-02
  1.7019311e-01
 -8.0660256e-03
 -7.5909258e-03
 -1.2504091e-02
 -4.6518564e+00
  1.3257648e-02
  7.4923433e-02
  1.2288326e-02
 -1.1165653e-01
  9.1840819e-02
 -9.8636813e-02
 -8.7773286e-02
 -4.2720452e-02
  1.0369293e-02
  9.5907990e-03
  2.7585862e-02
  1.6030229e-03
 -4.6291221e-02
 -2.9450844e-03
 -1.7623378e-02
  8.5676469e-02
 -1.1568242e-01
  2.3387093e-03
  9.7683026e-03
 -9.2429437e-02
 -7.3863998e-02
  1.0655986e-01
  2.8262177e-02
  3.3581048e-01
  4.5050807e-02
 -3.7531670e-02
  2.6087963e-04
  1.2449423e-02
 -8.0450818e-02
 -5.2981190e-02
 -9.2946365e-02
 -2.0945180e-02
 -6.0245272e-02
 -8.0654450e-02
  9.5622037e-03
 -4.7815445e-01
  2.5059126e-02
  1.3012858e-01
 -7.2231823e-01
 -2.3169733e-04
 -2.9060667e+00
  5.1583976e-01
  6.6775805e-01
  2.5142086e-01
  3.4145934e-03
 -2.5725365e-03
  1.2177826e-01
  1.1661946e-01
 -3.3858445e+00
  1.4920251e-01
 -4.4350107e-03
  1.0318749e-01
  5.8625513e-01
 -4.6673179e-02
 -1.8097542e-02
 -1.6487846e-01
  3.5762438e-01
  1.8782064e-02
  2.0042876e-02
  9.5511628e-03
 -3.3982229e+00
 -1.2980294e-01
 -1.3147741e-02
  1.6345192e-01
  1.7522542e-02
  4.2209166e-01
 -1.1663287e-01
  1.0495328e-01
 -7.4802563e-02
 -6.9986045e-02
 -3.3424515e-01
 -1.1091622e-01
  4.4850159e-02
  2.4553845e-02
  7.0403904e-02
 -1.3349421e+00
  2.8232675e-02
 -2.3065669e-02
  2.4621227e-01
  1.0461164e-01
  4.5628116e-02
 -6.5746182e-03
  4.2665410e-03
  8.3450995e-02
 -6.7307465e-02
 -1.8335441e-02
  4.3502662e-02
  7.9343691e-02
  2.0492839e-02
 -1.1498895e-02
 -1.9498212e-02
  2.8564760e-03
 -1.3986394e-02
 -2.7735272e-02
  2.4321914e-02
  5.4453534e-01
 -9.5841745e-03
  1.6028224e-01
 -8.4706999e-02
  2.6906513e-02
 -2.4796644e-02
  8.5746449e-01
 -1.4283367e-02
 -5.7543875e-03
  7.2554953e-02
 -1.2581800e-01
 -1.8477043e-02
 -1.3862684e-01
  1.9575173e-02
  2.4074472e-03
 -8.5745342e-03
  1.4283650e+00
  4.5800533e-02
  2.7369432e+00
 -6.5912887e-02
  4.2473279e-02
  2.9132403e-02
 -1.5810624e-02
 -9.6146576e-03
 -3.1160042e-02
  1.1387479e-01
  1.6127676e-02
  3.1104909e-02
  1.8106962e-02
  3.8781827e-03
  1.2770792e-02
  2.2285130e-02
  1.0734003e-02
 -1.4515271e-03
  1.0266843e-02
  4.2259522e-02
  6.9821194e-02
 -6.6920444e-02
 -4.2450014e-01
 -2.1472933e-02
  3.7937198e-02
 -2.0930149e-02
 -1.7808856e-02
 -1.1258394e-01
 -3.8180135e-02
  9.8820359e-02
 -1.4854800e-02
  8.4249461e-03
  3.1583035e-01
  8.8472182e-01
 -2.0716620e-04
 -1.4421710e+00
 -1.2779220e+00
 -1.8094676e+00
 -1.6514027e+00
 -2.5142410e+00
  1.5118986e+00
 -1.7061152e-02
 -5.5053107e-02
 -5.3519697e-04
  1.6322410e-01
  3.7072331e-02
 -5.2676131e-03
 -1.7023548e-02
 -2.2559498e-02
  3.1412101e-01
 -3.5312474e+00
 -2.1068149e-03
  2.2171453e-02
  5.3785112e-02
  5.7187259e-02
  9.4605565e-02
  1.0095640e-01
  5.8612362e-02
 -1.0298803e-01
 -4.2827778e-02
 -2.5155491e-01
 -8.8264257e-02
 -4.9645942e-02
  1.2510861e-01
  2.8704045e+00
 -5.4028135e-02
  2.2818856e-03
  4.0795574e+00
  2.5309827e-02
  2.0160280e-01
 -1.5051775e+00
  5.8876044e-01
 -4.1088428e-02
  9.5882058e-01
  3.9972103e-01
 -5.0447893e-01
  2.2541024e-03
  6.0316823e-02
 -2.6873490e-02
  8.3494261e-02
  7.1774274e-03
 -2.2396401e-01
  1.8636337e-02
  1.0167228e-01
 -8.9588342e-04
  3.4085073e-02
 -1.0486319e-02
  6.0198296e-02
  9.7598866e-02
 -1.6632666e-01
 -6.7002945e-02
  1.0707804e-01
 -1.3425121e-01
 -5.2049920e-02
 -6.1687429e-02
 -5.3243130e-02
 -1.3098489e-02
  1.4903662e-01
  2.9957389e-02
  2.8804585e-02
  1.1276809e-02
  1.2712603e-02
  4.3761082e-02
 -7.5089313e-02
  9.3583073e-03
 -1.0613184e-01
 -1.1767215e-02
 -2.0136433e-02
  5.4517906e-02
  1.3456380e+00
  9.0227209e-02
 -2.6129900e-02
 -1.1588689e-02
 -1.7609841e-01
  1.2616181e-02
  8.2173981e-03
  5.8706943e-02
  1.4611125e-01
  3.4766041e-02
  8.6947940e-02
 -1.1414375e-01
 -1.2685401e-02
  4.5296219e-03
 -1.2021009e-02
 -4.0393636e-02
  9.8266834e-03
 -9.5841233e-03
 -3.3812299e-02
  2.6953796e-02
 -6.6581674e-02
 -1.8176634e-02
  1.7635794e-02
  4.0649153e-02
  3.3487529e-02
  7.6902395e-01
 -1.0084507e-02
 -4.4058073e-02
 -1.1702416e-02
 -1.1260422e-02
 -6.2815821e-01
  3.1727701e-02
 -5.4684752e-01
 -2.3485322e-02
  8.3568161e-03
  2.8537774e-02
 -7.1721077e-02
 -2.9953991e-03
 -4.0903038e-01
 -8.1308648e-02
  3.5416864e-02
  4.3832534e-03
  4.6148047e-02
  4.4665273e-02
 -1.7643282e-02
  1.5687060e-02
  9.2037730e-02
  7.1981363e-02
  6.9736810e-03
 -2.1552388e-02
 -1.3555296e-01
  2.4476664e-01
  1.9222202e+00
 -3.8299784e-02
 -2.6271656e+00
  1.6744442e-02
 -3.5836326e-03
 -8.5730904e-01
  8.4460504e-02
  4.2017784e-02
 -1.7141944e-03
  5.1014912e-03
 -6.1400346e-03
  4.9630549e-02
 -3.7187029e-02
 -2.9443357e-02
  2.7933873e-02
  3.6259267e-01
  2.0680583e+00
  2.6745930e-02
 -9.3883052e-02
  3.8974248e-02
  1.1307271e+00
 -7.8869155e-03
  5.0976272e-03
 -2.9622022e-02
  3.8091093e-02
 -1.2089840e-02
  8.7856492e-03
  2.6101915e-02
  1.8154901e-02
  1.2893864e-02
 -4.4977833e-02
  2.9665653e-03
 -1.9870767e-01
 -2.6012592e+00
  4.1142845e+00
  2.6763189e-01
 -6.6809404e-01
 -1.3609645e+00
  7.0648235e-01
  3.5818415e+00
 -3.0217797e-01
 -7.8981113e-01
  2.0229414e-01
  4.8499364e-01
 -8.7212235e-01
  2.5866440e-02
 -3.4424629e-02
 -5.5138314e-01
 -8.5473888e-02
 -8.2184903e-02
  7.9544517e-04
  2.3500066e-02
  4.2586871e-03
  3.8160261e-02
 -1.0663924e-01
 -3.9003419e-03
  1.5962010e-02
  4.8635177e-02
 -2.1705283e-03
 -3.5426609e-02
 -1.8117377e+00
  3.5826309e+00
 -4.1925027e-03
 -1.7324795e+00
  1.2392719e-01
 -1.9369389e-01
 -1.6235700e+00
  7.1108886e-03
 -3.7913457e-02
 -1.1515189e-01
  4.3836888e-02
 -2.4883854e-01
 -1.8186451e+00
 -2.7792230e-02
 -4.4067913e-01
 -3.5612673e-01
 -5.1140279e-02
 -7.4641975e-03
 -1.0386382e-01
  2.7721804e-02
  1.2515966e-02
 -2.1909604e-02
  6.6487059e-02
  8.0830976e-02
  5.4939829e-02
 -1.1170050e-01
  4.0993467e-03
  1.1463453e-02
 -7.9446631e-03
  4.6123691e-02
 -5.7237782e-02
 -9.5180972e-03
 -1.4139823e+00
  1.0151326e-02
  2.7389871e-02
 -3.4786761e-03
  1.3528314e-03
 -4.0647335e-02
 -4.0590260e-02
 -3.8014151e-02
  2.8731348e-03
 -1.3876384e-01
 -3.5317119e-02
  2.1877401e-02
  2.4046807e-02
 -6.5591902e-02
  8.0808684e-05
 -1.4868216e-02
 -7.0435748e-02
 -1.1740118e-01
  8.9940079e-02
  7.9208806e-02
 -1.0336584e-02
 -1.3099234e-02
 -2.7806539e-02
  3.1374338e+00
  8.8879066e-03
 -2.0604845e-02
  2.1375797e-03
  2.5111059e-02
  1.0376135e-01
 -3.3232547e-02
  4.0312435e-02
  1.2488746e-02
  1.4659788e-01
 -5.8814108e-02
 -1.9741070e-02
 -1.3314431e-02
  1.0983911e-02
  7.6066977e-03
 -1.2012042e+00
  6.7936249e-02
  4.5477333e-03
  3.9398104e-02
 -1.3469817e-02
  1.3314073e+00
  3.9624952e-02
  7.6884449e-02
 -2.7104015e-02
  4.6616096e-02
  9.0903744e-02
 -1.4784758e+00
 -1.5138787e+00
 -2.9802200e-01
 -3.4837561e+00
 -2.4768661e-01
 -3.4488525e+00
  1.5095781e+00
  2.2415334e-01
 -2.0898538e+00
  2.3435864e-03
 -1.8070722e-01
  2.5653131e+00
  1.3268346e-01
 -5.1281077e-01
 -4.0871832e-03
 -1.3109263e+00
  5.7620841e-01
 -2.2921803e+00
  5.7808638e+00
  1.0960966e-01
  5.6265193e-01
 -4.9981669e-01
 -1.0864459e-03
  2.8344026e-02
 -1.7747772e-01
 -7.2532736e-02
 -3.5113499e-02
 -6.9475072e-03
 -1.1347140e+00
  2.8026754e-02
 -9.2097074e-01
  1.6944848e-02
 -6.9987953e-01
  2.2406330e-02
 -8.7380946e-01
  2.1564800e-02
  2.4914004e-01
  6.4647722e-01
  4.0811747e-01
  4.6349838e-01
 -1.0643205e-01
  1.2015619e+00
 -4.1208744e-01
 -2.1140234e+00
 -1.2373483e+00
  1.1852543e-02
 -2.7324462e+00
 -1.5029661e-01
  2.4596104e-01
  5.1109258e-02
  1.0181942e+00
 -1.6376808e-01
 -1.6357493e-02
  1.5453759e-03
 -9.2177659e-01
 -3.7497327e-02
  7.3787943e-02
 -3.5483320e-03
  1.4818593e-02
 -3.3403825e-02
 -9.0204042e-01
 -4.3869242e-03
 -1.0318910e-02
  1.6758519e+00
  8.8744750e-03
 -5.7524949e-02
 -1.3674840e-02
 -7.5445860e-03
 -9.9865301e-03
 -6.6705242e-02
 -7.5389437e-02
 -4.6027720e-02
  4.5967959e-02
  2.8894415e-02
  4.4113416e-03
  2.0619985e-02
 -4.6956528e-02
  3.3403412e-02
  1.6519539e-02
  1.8025612e-02
 -6.9496267e-02
 -4.9499393e-02
  2.2037601e-02
  1.6936493e-03
 -7.8597508e-02
  2.9017311e-02
 -6.8014771e-02
 -6.4693153e-02
  3.9863912e-03
  1.4160767e-01
 -2.6686959e-02
 -6.2204078e-03
  6.1848247e-03
 -5.8822360e-02
 -1.0290133e-01
 -6.4992368e-02
  2.7806271e-02
  6.5022379e-02
 -3.1208036e-02
 -6.7031130e-02
 -6.8834121e-03
  8.5732847e-01
 -1.7730241e-04
 -2.2617744e-02
 -3.2088897e-01
 -5.2349372e+00
 -8.1645371e-03
  6.1158177e-02
 -6.9976777e-01
 -5.7492352e-01
  6.0558784e-01
  2.9193683e+00
  6.6394534e+00
 -8.9715379e-01
  2.0761778e+00
 -3.4502964e+00
  2.1055040e+00
  9.7920358e-02
 -2.0989715e-03
 -9.0386933e-01
 -3.6630474e-02
  2.6598370e+00
  1.3790098e-01
 -1.2304691e+00
  6.1112803e-01
  1.1708249e+00
  3.7431452e-01
  4.2929007e-03
  9.4351955e-02
 -1.3030843e+00
  1.6195314e+00
 -2.9597899e-03
  1.6741188e+00
 -4.2973828e+00
 -1.0295001e-01
  1.9891468e+00
 -2.8507862e+00
  5.0871283e-01
  1.4329065e+00
 -2.0614755e+00
 -7.6158538e-02
  1.0096188e-02
 -1.2255322e-01
 -1.3890070e+00
  4.4151173e+00
  2.2700576e-03
  3.4187871e-01
 -8.0149460e-01
 -4.9781394e+00
  3.2399874e-02
  1.1607361e-01
  5.2521276e+00
 -3.0566095e-03
 -6.0796920e-02
 -2.0762632e-02
 -4.2354621e-04
  8.2061493e-01
 -7.5763790e-03
 -5.3552687e-03
 -1.7807890e+00
 -2.5912848e-01
 -2.7849586e+00
  8.2061213e-01
 -5.1650316e-01
 -8.9857304e-01
  1.6219195e+00
  7.4642521e-01
 -1.5847183e+00
 -2.5514385e-01
 -9.1401005e-01
 -9.6375042e-01
  8.4327254e-03
 -7.9436973e-02
 -1.1183289e-02
  8.6167321e-02
  2.0644855e-02
  6.3527292e-03
  6.4971440e-02
  3.1924155e-03
  8.4362896e-03
  6.5347195e-02
  1.1939975e-03
  1.1068428e-01
  1.9663619e+00
  8.7937368e-03
  5.1313471e-03
  2.3427276e-02
  3.5900147e+00
 -3.7367489e-02
  6.5857731e-02
 -2.9185720e-02
  1.2532762e-02
 -2.9945731e-01
 -6.9747053e-02
 -4.8482362e-02
  1.0295391e-01
  3.8016415e-03
  8.7009883e-03
  2.9306745e-02
  3.3737991e-02
 -4.3854725e-01
  5.9685249e-02
 -1.2544135e-02
  7.2654821e-02
 -2.9810794e-02
  1.1547335e-02
 -3.4303674e-01
 -1.7964844e+00
 -7.3526031e-03
 -7.9829348e-03
  1.0033792e-02
  4.7823779e-02
  1.0768937e-01
 -1.3721148e-02
 -2.6591374e-02
 -3.2552298e-02
  2.1135513e-02
 -2.6437590e-01
  4.0500264e+00
 -2.3462517e+00
  1.6218831e-01
 -2.3128778e-01
 -9.8152745e-01
 -7.1346080e-01
 -2.2516787e+00
 -1.1612798e+00
 -5.9798816e-03
  1.5095369e+00
 -3.3756361e+00
 -7.8802062e-03
  1.2353473e+00
 -7.7723581e-01
 -8.3411403e-02
 -8.5310765e-02
 -2.5196931e-01
  5.3555872e-03
 -1.4965874e+00
 -2.9554443e+00
 -2.5322899e-01
  1.2623131e-01
 -9.2450911e-01
  9.0906434e-02
 -9.1988007e-03
 -2.4316290e-01
  7.6228338e-01
  2.0360625e+00
 -1.2599549e+00
 -5.0520062e-02
 -5.4648151e+00
  6.6732770e-01
  1.2839845e-01
  7.0061587e-02
 -1.6207552e-02
 -1.0846491e+00
 -3.6508210e+00
  1.4427450e-01
  1.6006652e-02
  7.9964094e-02
  1.3640419e+00
  2.1695526e+00
 -1.3597000e-01
 -4.0462613e-02
 -4.5051854e-02
  1.5632476e-01
 -1.7181527e-02
 -5.3278003e-02
  8.3496636e-03
  1.3687501e-02
  1.0156771e-01
 -1.9942924e-02
 -6.0596123e-02
 -2.3903911e+00
  1.4432125e+00
  8.9461815e-01
 -6.8828475e-01
  6.5646297e-01
  4.0818119e-01
  2.1705040e-01
  1.5944941e+00
  9.6946573e-01
 -2.4417758e+00
  3.5815725e+00
 -9.8464298e-01
 -1.3337785e+00
 -2.4730582e+00
  2.3090878e+00
 -3.8675060e+00
 -2.0521791e-03
  7.4105248e-02
 -9.0764523e-02
  1.6075506e+00
 -2.0734227e+00
  2.6647124e-01
  9.6279275e-01
 -1.0278009e+00
 -1.6804682e+00
  4.2243075e+00
 -3.5993508e-01
 -6.1809283e-01
 -8.0911589e-01
  3.2644913e+00
  2.0265708e+00
  7.8221411e-01
  1.5213707e-01
 -1.8913307e+00
  2.9138722e-02
 -9.3194300e-01
  3.2004099e-02
 -1.9813131e+00
  9.2223734e-01
  9.9370465e-02
  1.5401083e-01
 -9.0723383e-01
 -2.7406645e-01
 -1.4661317e-01
 -1.7573710e-01
  2.2205455e-02
  6.2226102e-02
  2.6911354e-02
  1.8110481e-03
  1.5544652e+00
 -9.3608636e-01
  7.7686563e-02
 -2.7866632e-01
 -2.3669515e+00
 -6.8991962e-03
  2.5442302e+00
  3.8184721e+00
 -2.1050368e-02
  1.1467822e+00
  6.6723597e-01
 -3.2681709e-03
 -1.4748207e+00
 -1.9890230e+00
  1.7925704e-01
  7.0635535e-02
 -5.4063410e-02
  3.7930377e-02
 -5.3019967e-02
 -6.0859960e-01
 -1.6694701e+00
  1.4957930e+00
 -1.4517318e-02
 -7.2266012e-01
  1.7588662e+00
  2.7565308e+00
  2.1005519e-01
 -3.5071242e-01
  4.7621756e+00
 -7.7693743e-01
 -4.0337472e+00
 -5.6187119e-03
  1.1970706e+00
  1.1624116e+00
 -2.2202609e+00
  1.7904406e-02
  9.7900994e-02
  1.0979500e+00
  4.1530210e-01
  4.2136651e-01
  4.8445269e-02
  9.1653936e-02
  8.0146801e-01
 -9.4110034e-02
  4.0996453e-01
 -7.8967623e-02
  2.2165893e-01
  1.1932980e-01
 -5.7996575e-02
  3.8925599e-02
  1.5618379e-01
 -3.1935917e-03
  1.7373463e+00
 -1.9300129e+00
 -6.9167036e-01
 -8.7442860e-02
 -1.0148095e-01
 -1.5629159e+00
 -5.1243621e-01
 -2.1944720e-02
  1.1196335e-01
 -5.5881705e-02
  9.8329317e-03
  9.0045333e-02
 -9.0145004e-01
  1.1630720e-01
 -2.0041437e-01
 -1.2340192e-01
  3.6519721e-02
 -7.0423827e-02
 -1.4680535e-02
  1.5814777e-02
 -1.0672630e-01
  3.7480317e-02
 -1.4267020e+00
 -1.3044427e-02
 -1.8929911e-03
 -5.0354314e-01
  1.1464848e-01
  3.7769552e-02
  6.9621853e-03
 -2.2155195e-02
  2.7445713e-02
 -1.5673940e-01
 -8.4739543e-02
 -1.3632217e-01
  2.6590833e-01
  2.4871534e-02
  3.5626646e-02
 -8.2555460e-03
 -2.5756174e-01
 -4.0921848e-02
 -2.9478999e-02
  6.7366902e-03
  9.7413301e-02
 -2.3797834e-01
  4.2197858e-03
  6.9816923e-03
 -1.5614132e+00
 -2.8716357e-02
 -1.4160650e+00
  3.5357863e-02
 -5.7707518e-01
  5.5750827e-03
  6.3842922e-02
  2.2478974e-03
  8.6653545e-02
 -8.1214136e-01
  6.0062226e-02
  4.0201224e-02
  8.5212085e-03
  1.0816623e-02
  1.4900836e+00
  4.1608992e+00
  1.7202166e+00
  4.5418280e-01
 -9.4249748e-02
  7.5004882e-01
 -1.1429307e+00
 -1.6682062e+00
  4.1961160e-01
  4.9241345e-02
 -2.5587723e-01
 -2.8338140e-01
 -2.0077454e-01
 -4.9758413e-01
  2.5377231e+00
 -6.3504547e-01
  2.8432512e-03
 -3.8890049e-01
 -2.4996053e-01
  2.1788321e-01
 -1.3303466e-01
  1.9072086e+00
 -7.7114469e-01
  3.7791066e+00
  1.0089904e+00
  5.9877104e-01
 -2.1375999e+00
 -3.8172035e+00
  2.2877855e+00
 -4.4878934e-02
 -3.3462672e+00
 -3.3161715e-02
  4.0491490e+00
  3.8542205e-01
  7.6558179e-01
 -2.3543422e+00
 -5.1071894e-01
  2.8257785e+00
  1.0408612e+00
 -2.7274184e+00
  2.4893034e+00
 -2.0480843e+00
  3.6188066e+00
 -1.5471072e+00
 -3.4619439e+00
  5.8090174e-01
  1.0721088e-02
 -4.9430322e-02
  1.4336090e+00
 -4.7075972e-02
  2.4616849e+00
  2.3139076e-02
  6.5294296e-02
  6.1717379e-01
 -2.3841777e+00
 -2.4997427e+00
  1.2459217e+00
  1.2024338e+00
  1.2090372e+00
 -2.1160674e+00
  1.8345188e+00
 -1.5598625e+00
 -1.4109737e+00
  2.1260767e+00
  4.0906031e-02
 -6.6608703e-01
 -3.1602256e+00
  1.9771288e-01
 -1.3563361e+00
 -1.0433919e-01
  4.2748818e-01
  9.6388847e-01
 -1.5143272e-02
 -1.5099019e-01
 -3.0625358e-02
 -3.9728260e-01
  1.1883626e+00
 -1.2955848e+00
 -2.3965881e+00
  2.9609587e+00
  3.8941619e-01
  6.7264718e-01
 -2.6578536e-02
 -8.2418150e-01
  9.5520094e-02
  4.6822873e-01
 -1.5683745e+00
 -5.4909706e-01
  4.4084078e-01
 -1.2204276e+00
 -6.3441426e-01
  2.3025466e-02
 -7.2715513e-02
  8.9055848e-01
  2.8099712e-02
 -1.2561053e+00
 -6.7105591e-01
  5.0474700e-02
  1.0139905e-01
 -1.1626743e-01
 -1.8364093e-01
 -7.7908017e-02
 -4.6135712e-02
 -1.6974226e-02
  9.6669830e-03
 -3.4645401e-02
  3.9148692e-02
 -5.8833011e-03
 -8.1467777e-01
  1.8745139e+00
  6.9759941e-01
 -1.8543296e+00
  3.7167761e+00
  2.3359056e+00
  2.7673107e-01
 -2.3190241e-01
  7.2665429e-01
  4.7465850e-02
 -1.8214127e-01
 -3.5355645e-01
 -8.3227026e-01
 -7.0285726e-01
 -1.5750089e-01
 -1.0501628e-02
 -6.1860800e-01
  2.1945887e+00
 -1.2811036e-01
  1.7931694e-01
  1.6334544e+00
  1.2135040e+00
 -1.8444264e+00
 -4.6902823e+00
  2.5430030e-01
 -5.5555677e-01
  3.3718932e+00
 -5.0249016e-01
 -2.6920910e+00
 -1.7517136e+00
 -3.8021291e-03
 -5.1786884e-04
 -2.7804239e+00
  1.1961340e+00
  2.1682920e+00
  4.2097964e+00
 -2.3795471e+00
 -4.2466111e+00
 -1.6200037e+00
 -5.9791613e-01
 -4.3081164e-02
  3.6137599e-01
  6.8939447e-01
  2.5807095e+00
 -3.3104029e-01
  8.1965357e-02
  2.0745291e-01
 -5.5486400e-02
 -2.7225847e+00
 -1.5184629e-01
 -2.7742317e-01
  2.4037715e-03
  1.0510574e-01
  1.0806117e-02
  3.4089115e-01
  1.5060596e-01
 -3.7008865e+00
 -5.9278731e+00
 -8.3915246e-01
  1.9272308e+00
 -1.4319589e+00
  8.7672240e-01
 -3.3808970e+00
  3.7777081e-02
 -6.8243466e-02
 -5.8402907e-02
 -3.1876847e-02
  2.1969250e-01
 -3.5348687e+00
 -4.2528696e+00
 -2.1063785e-01
 -2.9096700e-02
 -1.1361567e-01
 -1.1812255e-01
  2.4714258e+00
  1.3576344e+00
  7.4606156e-01
  2.5425952e-02
 -6.7013510e-02
 -4.7643280e+00
  9.3397480e-01
 -9.5483291e-01
 -7.8233557e+00
  2.7108233e-02
 -1.6633473e-02
 -2.4247361e-02
  1.2457570e-01
 -1.6731964e-02
  1.5838889e-02
 -3.8766369e-01
 -2.1522133e+00
 -5.9360381e-02
  4.7674772e-04
 -1.0907580e+00
 -3.7029218e-02
 -1.7966149e+00
  7.7217288e-02
  4.7590977e-01
  6.2246370e-01
  2.9447639e-02
  5.9609227e-02
  4.8636816e-02
 -5.4807127e-02
  3.0030615e+00
  1.3260824e-02
 -1.6779689e-02
  1.1037980e-04
 -3.1482752e-02
  2.7320053e-02
 -4.0736221e-02
 -3.1874917e-02
  1.3791506e-01
 -4.5179948e-02
  4.0475911e-01
  1.5448108e-01
 -3.9626133e-01
 -9.5930055e-02
  2.1314234e-03
 -4.1276492e-02
  5.3043503e-02
 -3.6427837e-02
  6.0174377e-03
 -1.2967712e-02
  1.0950123e-02
 -7.5026579e-02
  3.0061245e-04
 -1.4304669e-01
  1.0705773e-02
  9.1473125e-03
 -2.0320222e-02
  6.8237230e-02
 -2.2894006e-02
  9.2899732e-02
 -2.5008444e-03
 -5.4667562e-02
 -8.7898858e-02
  8.0974236e-02
  2.8368475e-02
  4.7458090e-02
  4.2425737e-02
  3.5520256e-02
  3.2867197e-02
  1.2787624e-01
 -5.2401200e-02
 -4.7777705e-02
 -1.4024761e-01
 -7.0860133e-02
  3.4405913e+00
  4.1887954e-01
 -1.7423717e-02
 -1.9090358e-02
 -3.0814570e-01
 -1.0792314e-02
 -1.4606511e-02
 -1.5783558e-02
  4.1561838e-02
 -5.0172145e-03
 -2.9762197e-02
  3.7775939e+00
 -3.8406033e-02
 -3.1592499e-02
 -1.0487434e-02
 -1.8609953e+00
  5.3012543e-03
  5.4946154e-01
 -4.1287913e+00
  2.2794815e-02
 -5.3560597e-01
 -8.0663010e-02
  1.8372139e+00
 -3.5254011e+00
  4.0748555e-02
  5.3897433e-02
  2.9366320e-02
  1.7414582e+00
  1.9382399e-02
 -5.3366367e-03
 -5.4940510e-01
  1.0582535e-01
 -4.4417158e-02
 -1.7236551e-02
  7.7283420e-02
 -6.3374832e-02
 -1.0176274e+00
  3.2545317e-02
 -3.8545232e-02
 -6.4912960e-02
  1.7621903e-01
  3.1553205e-02
  1.4672079e-02
 -8.2319453e-02
 -3.2467797e-02
 -4.7759801e-02
 -3.8421765e-01
 -9.7219506e-03
 -2.3289311e+00
  7.5374097e-02
  1.6980726e-02
 -6.2466186e-02
  3.7675613e-01
  2.9187948e-01
  9.1253251e-02
  3.1263821e-02
  4.2902373e-02
  1.8367100e-01
  7.6107755e-03
 -1.3713546e-03
  5.9101330e-03
 -3.0928057e-02
 -9.0786880e-03
 -5.2409219e-03
  2.5814978e-02
  5.5272646e-02
 -4.6632946e-02
  2.9337111e+00
 -4.6393699e-03
  2.1180398e+00
  9.9572744e-03
  1.5770179e-01
  7.2966158e-01
 -5.5203363e-02
  5.0041652e-01
  8.5215682e-01
  2.1093680e-01
  1.2224435e+00
  9.3374804e-02
 -7.8019062e-03
 -2.1090424e-02
 -1.5707606e-01
 -1.3474631e-02
 -4.9692571e-02
  8.7391192e-01
 -5.9286341e-02
  1.4549833e-02
  6.1995197e-02
 -5.3540740e-02
 -8.9026719e-02
  6.6179693e-02
  2.9657427e-02
  3.0431949e-02
  7.1821488e-02
  9.3526177e-02
  1.0221115e-02
  2.5871393e-01
 -1.3595401e-01
  2.6624665e-02
 -1.4983658e-01
 -1.9693421e-02
 -3.6831379e-02
 -3.4188986e-02
  9.2245899e-03
 -7.1730260e-03
 -1.6705209e-03
 -1.2322894e-01
  5.0706724e-03
  2.2982538e-02
 -3.0733967e-02
  1.7579177e-02
  6.6262729e-02
 -1.0031137e-01
  2.0925115e-01
 -2.1266634e-02
  4.8367232e-02
 -2.5941113e-02
  1.1529218e-01
  2.5436277e-02
 -5.0988205e-02
 -1.0636900e-01
  1.0739336e-02
 -1.0690745e-02
  1.6630820e+00
  6.6653389e-01
 -6.8532350e-03
 -1.7485501e+00
 -3.5214686e+00
 -1.8776016e+00
 -1.9580939e+00
  1.0564266e+00
  2.8374379e+00
 -1.9441107e-01
  2.8581744e-02
  5.8803310e+00
 -2.8863902e+00
 -2.4403987e+00
 -4.9224150e-01
  2.2420650e+00
 -2.9689710e+00
  1.5340937e+00
 -1.2871839e-01
 -4.1098576e-02
  3.4852936e+00
  2.4470877e-02
  8.7603936e-03
  4.0556412e+00
  1.8042419e+00
  2.7005050e-02
  1.0410286e-01
 -3.6438160e-02
  4.8642978e-03
  5.3697262e+00
  4.6749100e-01
 -1.3621361e+00
  1.1112651e+00
  2.5194046e-01
 -2.6196382e+00
  2.2713426e-01
 -1.0982721e-02
  2.1041853e+00
  7.5639158e-01
 -6.7749172e-02
 -7.7301644e-02
  8.4732592e-01
 -2.2143993e+00
 -1.0239949e+00
  2.9180542e-02
  1.3900526e-02
  1.6521666e-02
 -2.8357204e-02
 -3.3739072e-03
 -2.1741538e-01
  3.0426985e-02
 -2.0130169e-01
 -6.9853105e-02
  1.0150413e-02
 -1.2010274e+00
  5.4229827e+00
 -3.6381197e+00
  1.2328359e+00
 -1.1396009e-02
 -3.5536869e+00
  5.9681022e-01
 -7.2097760e-01
 -4.0314379e+00
  3.0197364e-03
 -8.6294279e-02
 -4.2309612e-02
  6.0860720e-02
  3.0220363e-02
 -8.5412553e-03
  2.7970176e-02
 -9.9686077e-03
  1.4889231e-02
 -4.5335364e-02
  3.8094592e+00
  7.6032534e-02
 -3.4332592e-02
  2.0355424e-02
 -2.1145283e-03
  2.8745214e-02
 -9.5088631e-03
 -5.2347966e-02
  8.9297540e-02
  2.0504056e-02
  3.9437156e-02
 -2.6980510e+00
  5.7003503e-03
 -5.1624663e-02
 -2.3972157e-02
  1.8504694e-02
  2.1070145e-02
  5.8066767e-02
 -6.7583293e-01
 -1.1910494e-01
 -1.0320210e-01
  2.3797216e+00
 -1.0586879e-01
  3.0453110e-03
 -1.3501287e+00
 -3.0130198e-02
 -2.7094297e-02
  3.8100455e-02
 -3.1441531e+00
 -5.1251549e-01
 -4.8168343e-02
 -1.3575134e+00
 -6.7000568e-04
  9.6332438e-02
 -5.0037768e-02
  5.2868244e-03
 -1.8126458e-02
  1.0746724e-02
  2.3849125e-01
  2.3852162e-02
 -1.5698487e-01
  1.5235992e-02
 -1.1340319e-02
 -8.9353597e-01
  1.4511689e-02
 -1.4755425e+00
 -1.2266396e-02
  3.4129873e-02
 -2.6627509e-03
  2.3157661e-01
 -2.6411710e-03
  3.6662329e-02
 -1.7816085e-02
  1.7433088e-02
 -3.6985632e-02
 -1.3476112e-02
  3.7214246e-02
 -1.9924542e-02
  4.9732603e-02
 -9.6246585e-02
 -6.9355130e-02
 -4.0960647e-02
 -8.6582772e-02
  7.3820534e-03
  4.2554274e-02
 -7.0790634e-02
 -1.0280634e+00
 -6.6284691e-03
 -1.5684519e-02
  5.1195443e-02
 -2.5348239e-02
 -2.7830238e-02
  8.9616716e-02
 -4.2620037e-02
 -6.7394234e-02
 -1.8283944e+00
 -1.7454144e-02
 -8.1274420e-02
  2.2381553e-02
 -2.8200461e-02
  7.5898722e-02
  2.0703254e-02
 -5.3188860e-02
  2.2252300e-03
 -2.4062138e-02
  6.4512759e-02
  1.3928928e+00
 -2.4116609e-02
  1.6693916e-02
 -4.7369014e-02
  2.5024872e-02
 -3.3948896e+00
 -1.8740486e+00
 -3.0695261e-02
  2.6918385e-02
 -9.2531317e-01
 -2.3617933e+00
  7.0711337e-03
  6.8216920e-02
  1.4125622e-02
 -4.9988337e-02
 -6.9908598e-03
  1.1170547e-01
  3.9799392e-02
  5.1919427e-02
  1.1994435e-02
  4.4935275e-02
 -2.4530448e-02
 -3.3787224e-03
  3.7704308e+00
 -3.3929531e-02
 -6.3878067e-02
  7.4506029e-02
  2.8308454e+00
 -4.0844417e-01
 -8.9800181e-03
 -8.1763510e-03
 -6.6623099e-02
 -1.7751724e-02
 -2.5765017e-02
  3.1864755e-02
  1.9779852e-01
  2.3381680e-02
  1.0105634e-01
 -1.2158508e-02
  1.4740583e-01
  3.5769742e-02
 -9.4761327e-02
  2.4860916e+00
  9.4653279e-02
  4.0334623e-02
 -3.7676383e-02
  4.2705421e+00
 -1.0710696e-02
 -3.1721093e-02
  3.7068877e-02
 -9.5255658e-02
 -2.9829612e-03
  5.2114468e-02
 -3.8759220e-02
 -5.4412927e-02
  3.7343633e-01
  3.4031626e-02
  3.4486184e+00
  3.0544178e+00
  6.4159259e-02
  1.6870525e+00
 -5.6877746e-03
 -3.1801741e+00
 -6.1532265e-01
  1.8492764e+00
 -3.0007632e+00
  1.6992398e-01
 -4.2166840e-02
  1.1020276e-02
  2.2856188e+00
  3.3983634e+00
  2.2012837e+00
  7.3938452e-02
  4.1132703e-01
 -9.6175504e-01
  2.7089907e-02
  7.7303112e-02
 -3.5291803e-01
  1.9023685e+00
  1.6824672e-01
 -5.9447836e-02
  4.2286035e-01
  1.9658934e-01
 -6.8039142e-02
  9.5470130e-01
 -2.7257711e-02
 -4.6344460e-03
  1.6168860e+00
  2.0051749e-01
 -1.3742630e-01
  1.2508230e-01
 -8.0988657e-01
  1.5842643e-02
 -5.3915521e-03
  7.5850792e-02
  2.2067277e-02
  1.2070985e+00
 -1.8385764e-02
 -1.2338421e-01
  2.1270905e-01
 -1.6863083e-02
 -1.1291907e-01
  3.6658958e-02
 -7.6326840e-02
 -2.4616668e-02
 -5.9738435e-02
  9.0294898e-02
 -5.1052958e-02
  5.3346679e-03
  2.8182933e-02
 -2.9945139e-02
 -9.0914406e-02
 -9.4696450e-01
  9.8675919e-01
 -2.7458303e+00
 -4.4350786e+00
 -6.6348708e-01
  1.2169023e-01
 -7.9736602e-01
 -1.4127381e+00
  4.2578688e+00
 -8.8618892e-01
  1.9169188e+00
  1.5842669e-02
 -5.0446421e-01
 -8.7086010e-01
 -2.0463338e+00
  1.3421242e-01
  3.1475250e-02
 -4.9546290e-02
 -1.3552666e+00
  7.5842118e-01
  5.7116824e-01
  5.9287506e-01
 -3.2270502e-02
 -2.2746241e-01
  6.1968386e-01
  2.7641967e-01
 -8.5449457e-01
 -9.5401621e-01
 -1.0642727e-01
 -2.7128149e-02
 -3.4549162e-02
  4.2523021e-01
 -4.8788628e-01
 -1.8819201e-01
  1.4719838e+00
 -1.3264074e+00
  3.7555180e+00
 -1.8321867e-01
 -4.0446371e-02
 -1.7694294e-02
 -5.4885745e-01
  1.4377699e+00
 -1.8502233e+00
  5.9033204e-02
  2.8539805e-02
  7.6719075e-02
  1.2923642e-02
 -1.4825906e-01
 -7.5027674e-02
 -8.7159567e-02
 -1.7891651e+00
  4.5270622e-02
  4.2488337e-02
 -1.4716049e+00
  2.2614202e+00
 -1.0652477e-01
 -1.7216791e-01
  1.2831008e-03
 -1.2355553e-01
  2.5105085e-02
 -1.8781763e-02
  7.4306303e-01
  4.5099009e-02
 -5.1289264e-02
  4.0759843e-02
 -8.7935008e-02
 -7.9299994e-03
 -7.3410152e-03
 -2.8539144e-02
 -1.0777843e-02
  2.1335481e-02
  1.3012858e-02
  9.3683906e-02
  1.2670835e-02
  1.4685448e-02
  1.5461626e-02
  2.6145521e-01
  6.4182192e-02
  1.4270940e-02
  3.2795224e-02
  2.7480198e-02
 -2.4245828e-02
 -5.3286725e-03
  3.8988426e-02
 -1.8737188e-01
 -5.6756046e-02
 -1.9909118e+00
 -4.6379790e-02
  1.6873953e-01
 -2.1504328e+00
  1.8432090e-02
 -9.2595890e-02
  1.4406320e-01
  2.1141451e-03
  9.3455315e-03
 -1.8161137e-02
  1.0367928e-03
  3.2885335e-02
  2.3291111e-02
 -1.0324858e-01
 -3.2862075e-02
 -3.7763815e-03
 -2.0218683e-02
  2.7221765e-02
  2.7431093e-02
 -1.3180314e-01
 -2.0583424e-01
  2.0298176e+00
 -2.9707283e-01
 -2.1287512e-03
 -1.6216033e+00
 -4.5858137e-03
 -9.0204231e-02
  2.3090785e+00
 -1.0136650e+00
  1.0979457e+00
  2.4907218e-02
  6.9881910e-03
 -2.5967939e-02
 -2.1887046e-01
  3.3067137e-02
  1.5508285e-01
  1.5647472e-01
  6.2825724e-02
 -3.3617606e-03
 -5.0667203e-03
  2.3000574e-02
 -1.3461941e-01
  6.5357685e-02
 -3.2855684e-01
  9.9580456e-03
 -3.5754234e-02
 -1.0089332e-03
  1.3700008e-02
 -9.8017044e-02
 -3.8139991e-02
 -3.2784592e-02
 -2.8719151e+00
  7.8324988e-02
  1.9851027e-03
 -1.9101478e-02
  5.7318095e-02
  1.1639488e-02
 -1.0437376e-02
  5.6834064e-02
  9.8976009e-03
  3.4302793e-02
 -9.3106262e-02
  2.8125730e+00
 -1.0721865e-02
  1.1117141e-02
  1.0336739e-02
  1.6729321e-03
 -3.8558200e-02
  1.2135566e-03
  4.9483322e-02
 -5.2993491e-02
  2.9057753e-03
 -5.1387802e-02
  1.6655517e+00
 -4.1904715e-03
 -9.6763048e+00
  1.9567990e+00
  3.4777408e+00
 -1.0647938e-01
 -1.1785152e+00
 -5.4502048e+00
 -9.2752002e-02
  3.5196772e+00
  4.9988203e+00
 -2.9367780e-02
  3.3797845e-02
 -1.6309051e-01
 -1.0656443e-01
  8.8572495e-02
 -9.4907887e-02
 -3.3429873e-01
  7.5776890e-02
  2.9360030e+00
 -1.6690011e-01
 -1.4555154e-02
 -1.9210327e-02
 -4.9817279e-01
  1.0134283e-01
 -9.3101017e-02
  1.0574081e+00
  1.3029651e-01
  5.7811595e-02
  4.9168098e-01
  5.0650526e-02
 -2.8218769e-02
 -6.5011764e-01
 -6.5817678e-01
 -7.7880293e-02
 -5.6899088e-03
  1.1680582e-02
  4.5490262e-01
  2.7278757e-02
  2.1664275e-02
  1.0239311e-01
  1.0143578e-02
  7.0949771e-02
 -6.4522088e-02
  1.1083917e-01
 -1.3560648e-02
  5.4952133e-02
  1.6316069e+00
 -4.7169611e-02
 -1.9728702e-02
 -2.4894672e-03
 -7.8279763e-02
  1.7507918e-02
 -1.5321258e-02
  8.4535675e-03
 -4.8149776e-02
 -1.4570874e-01
  4.7286812e-02
  1.4523840e-01
  5.3446972e-01
 -9.1194008e-03
 -2.0813721e-01
  4.1265946e-02
 -1.5732148e+00
  2.2384491e+00
  1.2295932e-02
  1.4772221e-02
  2.0637229e-02
  1.3607717e-02
  2.7740034e-01
  8.0390073e-02
 -1.7528562e-02
 -3.0901935e-02
 -7.9684025e-03
 -7.2747633e-02
  7.1888767e-02
 -4.3029554e-02
  1.7493377e-02
  5.2397898e-03
  2.6415423e-02
 -1.2743914e-01
 -4.7326829e-02
  3.5551090e-02
  2.8421569e-01
 -4.2457644e-02
 -7.9190712e-03
  3.7149079e-03
 -3.5421026e+00
 -8.3643973e-02
  4.9431063e-02
  4.3891654e-03
  2.5433619e-02
  1.3552360e-01
 -1.8828476e-02
  4.4658441e-02
 -2.2595448e+00
 -3.2010730e-02
 -8.7229826e-02
  3.5226487e-03
 -1.1544594e-03
  4.6827286e-02
  8.9856982e-01
 -5.2924571e-03
 -2.1227760e-02
 -3.2197990e-02
 -1.1333763e-01
 -3.2424211e-04
  4.7402754e-02
  1.0110162e-02
  4.5851665e-03
 -1.5821855e-03
  4.6931744e-02
  7.4716173e-02
 -3.8571951e-01
  7.2000831e-02
  2.0269616e-02
 -1.7596011e-01
  1.6843594e+00
 -3.2037368e-01
 -5.0090062e-03
 -1.6682787e-01
 -2.4469640e-02
 -3.2937014e-03
  6.5039806e-02
  3.5856903e-02
  5.4196123e-02
  4.2818222e-02
 -2.0550536e-02
 -5.0069548e-02
 -1.3877049e-01
 -1.8408835e-03
  8.4322803e-03
 -1.1404679e-02
  1.7845914e-01
  2.1869928e-02
  2.7777100e-02
  2.0043315e-02
 -5.6172199e+00
  2.8713427e-02
 -3.7256578e-01
  2.0934162e-03
  3.0602014e-03
 -1.2559005e-02
  1.2578460e-03
 -2.6033247e-02
  1.4839035e-02
 -4.8851866e-02
  2.1824315e-02
 -4.2731255e-02
  1.0089450e-01
 -1.3592322e+00
 -8.3446264e-02
  1.0724299e-01
  1.3982990e+00
  6.9776259e-02
  1.5308157e-02
 -5.6326155e-02
  7.5000457e-02
 -4.3459896e-02
 -6.6116683e-02
 -4.0877730e-02
 -9.0008462e-03
 -3.8353730e-02
  2.7096653e-02
 -3.4599236e-01
  1.4317513e-02
  3.8362861e-02
 -5.6396931e-02
 -1.0980399e-02
 -2.2119284e-01
 -1.1712931e+00
 -9.1549493e-02
 -2.1466058e-02
 -9.6429102e-03
  4.6247113e-02
  6.6245191e-02
 -8.4229279e-03
  7.7954601e-03
  2.3518407e-01
 -3.1692029e-03
 -4.2260777e-02
 -1.1348450e-02
  7.8047395e-02
 -1.2291674e-01
 -2.2080173e-03
 -2.4068404e-02
 -6.2304485e-01
  9.6929805e-05
  7.5295670e-03
  3.8376638e-01
 -1.0688229e-02
 -7.6172925e-03
 -1.3256259e-01
 -5.7193924e-02
 -1.6897392e-03
 -4.3958239e-02
  2.4750642e-02
  7.2066262e-03
  8.9374028e-02
 -1.7173450e-03
 -1.1002279e-02
  7.8883266e-01
 -4.8250273e-02
 -2.6938714e-02
 -7.7163450e-02
  3.3193577e-02
 -6.2798060e-02
 -1.3507863e-02
  1.0644126e-02
 -4.1857027e-02
 -1.7281188e-02
 -5.7706032e-02
 -4.7636127e+00
 -8.9708567e-02
 -6.9516905e-02
 -1.4025430e-01
  3.0329639e-01
  1.5605379e-02
 -3.3715999e+00
 -6.6565976e-02
  2.0380003e+00
 -2.1767471e+00
  2.6423756e-02
  1.3834586e+00
  7.6111682e-02
 -9.8976865e-02
  1.0386021e+00
  3.6704209e-02
  6.5623425e-02
  6.0785794e-01
 -1.4746287e-03
  3.0478925e-02
 -2.4080086e-04
  3.8557000e-02
 -3.8377333e-02
 -1.5918987e-02
  5.6915063e-02
  3.2299478e-02
  1.6728351e-02
  2.5650990e-01
 -3.6474469e-03
  2.6762975e-02
  2.7907252e-01
  3.0229559e-02
 -6.6642791e-02
 -1.2714977e-02
  2.4887078e-02
  2.6792398e-02
 -5.4357070e-02
  3.5389695e+00
  1.4110386e-01
  4.4094048e-02
 -7.3212222e-04
  4.5594998e-02
 -3.4301747e-02
  1.3369950e-02
  3.0877602e-03
  3.9012138e-02
 -4.4815551e-02
 -1.2232144e-02
 -5.6908894e-03
  2.4802379e-01
 -2.3372041e-02
 -1.3394814e-02
 -1.0487837e-01
  2.9300370e+00
 -3.7053362e-02
 -4.4530433e-02
 -2.5238318e-03
 -4.8492387e-02
  4.3060675e+00
 -1.6024414e-02
 -9.7700693e-02
 -8.2865365e-02
 -4.4821065e-02
  5.7886656e-02
 -5.3002793e-02
 -4.5065325e-02
 -1.5149409e-02
 -9.5780075e-02
  2.8603262e-04
 -4.0222760e-02
  2.7576618e-02
 -5.1323032e-01
 -1.4441625e-02
 -2.5321756e-02
 -1.6653483e-01
  7.0204630e-02
  1.5361678e-02
  3.8667351e-03
 -1.1038657e-01
 -4.4195976e-02
 -7.8353889e-02
  4.0205669e+00
 -7.6668583e-02
  1.6880801e-02
  5.2938655e-02
  1.8923340e-02
  1.8665906e-02
 -7.3062822e-02
 -8.6994372e-02
  6.2045804e-03
  1.5469396e-03
  3.8004640e-02
  1.5850484e-02
  1.2021963e-02
  7.5176582e-03
 -9.0993620e-02
  1.6778791e-01
  3.9909137e-03
  3.7816484e-02
  8.2748652e-02
 -3.5891688e-01
 -2.7295643e-02
  7.5507671e-02
  3.0692348e-02
 -1.0994517e-03
 -1.8364713e-01
 -3.0745239e+00
 -1.2545304e-02
 -1.0516217e-01
  2.8094715e-02
  3.2481537e-03
 -2.0980148e-02
 -7.0068985e-02
  7.9295762e-02
  1.5671498e+00
 -1.1051918e-01
  1.4528370e-02
  3.7094054e+00
 -5.4612271e-03
  2.6548574e-02
 -2.2422807e+00
  1.9365388e+00
  2.2966056e-01
  1.1925420e-02
  4.2561077e-02
 -2.7146168e-02
  4.0928403e-01
  9.8655634e-03
  5.5760627e+00
  9.5346428e-02
  1.4564261e-02
  8.3006233e-02
  1.8067479e-02
  2.4056938e-02
 -4.6794876e-02
  1.5559204e+00
  7.4390419e-02
 -1.1147569e-02
  1.8082058e-02
 -6.7772555e-01
 -1.4905690e-02
  6.4165428e-02
 -4.1299578e-02
  1.2444538e-01
  6.3805059e-02
  2.2670975e-02
  4.4036843e-02
 -2.3432665e-02
  2.4530336e-02
 -2.4544525e-01
 -1.0437397e-01
 -1.0847973e+00
 -7.9048611e-02
 -1.1497316e-02
  2.6352843e-02
  9.3063815e-03
 -9.5677208e-03
 -6.7428169e-03
  2.2963915e-02
 -5.7338047e+00
  1.6372059e-02
  8.4565906e-03
  2.3284487e-03
  3.1469200e+00
  3.7309341e-02
  5.7640540e-05
 -1.2961813e-02
  5.4019086e-02
 -1.8559705e-01
 -1.6886352e-01
  1.0413745e-03
  2.6871830e-02
  1.2816407e-02
 -7.2815821e-02
  1.1248884e-01
 -6.1708674e-02
 -4.0263597e-02
  4.2307314e-02
  4.8651394e-02
  1.2405883e-01
 -2.6117563e-02
  9.8078251e-02
  2.3792138e-02
  1.5703807e-02
  2.3343810e-03
 -8.6984328e-05
  5.7971235e-02
  8.8350307e-03
  4.5547087e-02
  9.9391732e-03
 -2.0402536e-02
  6.9548361e-02
  2.7774751e-02
 -8.3282769e-02
 -1.1905649e-01
 -8.8035122e-02
  7.0886329e-02
 -2.3123643e+00
 -4.7840130e-02
 -1.3148625e-01
 -4.2158753e-02
 -1.2511836e+00
 -3.9533932e-02
  2.4821995e-02
 -5.4925609e-02
  5.2377745e-03
  8.1535131e-02
  1.7615099e-02
 -1.7258719e-02
  6.3342266e-03
 -4.0950300e-03
 -5.1828563e-02
 -1.6916475e+00
 -2.6158441e-02
 -5.3598449e-02
 -1.1971203e-02
 -1.0264461e-01
 -1.0890997e-02
  1.6358432e-01
 -9.1628343e-02
  7.8787431e-02
  1.1399570e-01
  1.4752476e-01
  4.0575245e-01
 -8.4164357e-01
 -9.1228381e-02
 -2.0737737e-01
  1.2853980e-01
 -6.4065325e-01
  5.2128071e-01
 -3.6303759e-01
  1.2266511e-01
  1.7397855e-01
 -4.5809045e-02
 -9.8748729e-03
  4.6814016e-01
 -5.4634284e-02
  1.8850060e-02
  9.5832525e-03
  3.6972165e-02
 -3.9807990e-02
 -1.3574590e-01
 -2.1485565e-02
 -3.4005135e-02
  9.6749328e-03
  3.7813436e-02
  1.8731726e-03
 -1.8279949e-02
 -5.4721287e-03
 -1.7194554e-01
 -8.3798999e-03
 -1.3477352e-01
  2.6887016e+00
 -4.6158701e-02
 -1.0207814e-02
 -2.9799296e-03
 -1.5146475e-01
 -6.2017176e-02
 -4.3511417e-02
  1.5946655e-01
 -1.0681088e+00
 -5.9656855e-02
  9.6272901e-02
  7.3238779e-03
 -1.5394206e-02
  3.8694257e-01
 -3.9696649e-02
 -1.1355835e-02
 -1.6694907e-02
  1.0298583e-02
  4.9447481e-02
 -8.6603649e-02
 -7.7991903e-02
  8.2265638e-02
  1.6053837e-02
  5.5803318e-02
  6.0045642e-01
  2.3857081e+00
  1.3455613e-01
  9.8595256e-01
  4.2818615e-01
 -2.0188115e+00
 -1.1987789e-01
  8.9004137e-02
 -2.9746654e+00
  5.1270653e-02
 -1.0860546e+00
  7.2673485e-02
  2.1283877e+00
  2.4137180e+00
  1.6060118e-01
  4.3159362e-02
  7.0751019e-02
 -7.0440692e-01
  5.6294151e-02
 -1.3694977e-02
 -6.5980740e-02
  1.9559459e-01
  2.4574718e+00
  6.3197754e-02
  6.0353674e-02
  1.3767242e+00
  5.1042389e-02
 -2.2990276e-01
  1.8617813e-02
  3.7324284e-03
  6.1071563e-01
  1.3105757e+00
 -5.3915516e-03
 -1.8780833e-02
 -2.7624350e-02
  2.4052492e-01
  3.6009124e-01
  1.5773272e-02
 -1.1708124e-02
 -8.7112278e-02
  2.2174336e-02
 -3.4529450e-03
 -2.1742990e+00
  8.5506648e-02
  2.4588691e-01
 -3.1100152e-02
  6.8284455e-03
  6.5672956e-02
  6.5899454e-02
 -4.3656878e-02
  4.2860415e-02
 -4.6119653e-02
 -5.1854074e-02
 -7.0066020e-02
 -2.1429050e+00
  6.2540257e-03
 -1.4659564e+00
  3.2253218e-01
  4.6557488e+00
 -1.8782760e-01
 -1.6601659e+00
  4.8138256e+00
 -1.9687359e+00
 -9.1215834e-02
 -9.2917874e-02
 -1.4413955e-03
  9.4173826e-02
  1.6832791e-02
  1.2862505e-01
  8.8298416e-01
 -8.7605864e-01
 -2.8703516e-02
 -1.2189833e-02
 -1.1414718e-02
 -7.5556761e-01
  1.3722318e+00
 -1.7140117e-01
  1.3622662e-02
 -1.3712591e-01
  1.2316970e-02
 -9.1313529e-01
  2.1680374e+00
  1.1565464e+00
  1.4411259e-01
  1.6190553e+00
 -3.4877338e-02
 -2.9929481e-02
  3.2498977e+00
 -8.6356544e-01
  1.9545238e-01
 -3.3875539e-03
 -3.4137191e-03
  1.0127017e-02
 -9.8756218e-01
  1.4228900e-02
  1.0002067e-01
 -3.7578102e-02
 -5.2702093e-01
 -2.4278471e-01
  1.2248822e-01
 -5.6147686e-04
 -2.8467568e-02
 -5.5960976e-02
  7.2609648e-02
  2.1242907e-02
 -8.0854583e-01
  3.2876294e-02
  6.3596326e-03
 -4.5609456e-01
 -4.6930153e-02
  3.4364099e-03
 -4.5785382e-03
  1.0695248e-02
  3.2833166e-02
 -1.4734532e-02
  8.4344780e-01
 -3.0956730e-01
  6.2926700e-03
 -2.7014056e-02
  7.6472745e-03
 -4.3792702e-02
 -7.7428058e-04
 -1.9262693e-03
  1.2018037e-01
 -8.7201543e-04
 -2.6548723e-02
 -3.1085312e-02
 -2.4511004e-02
 -4.4519212e-02
 -7.2769135e-02
 -1.4392392e-02
  1.0998289e-01
  1.6936244e-02
 -8.7465167e-02
  1.4974841e-01
 -6.9625378e-02
 -7.3287547e-02
  8.5546980e-03
 -6.5026939e-02
 -1.4247481e-02
  1.6550940e+00
  3.8305510e-02
  1.4625238e+00
 -8.3640469e-03
 -1.3548384e+00
 -3.9528318e-02
  8.2117710e-03
 -7.0187338e-02
  7.5930499e-02
  3.0767960e-02
  4.9422220e-03
 -5.0452270e-02
 -1.9755589e-02
 -3.0680232e+00
  1.1859448e-01
  3.0457377e-03
 -7.2240204e-02
  1.5198903e-02
 -5.7159405e-02
  3.6561262e-02
  2.5168002e-01
 -5.9158683e-02
 -3.8312754e-01
 -4.1308876e-02
 -8.3733112e-02
  9.5793146e-01
  2.0966677e-03
 -1.8487313e-01
  2.2671631e-01
  5.0923056e-03
 -1.6510849e+00
 -1.1435329e-02
 -9.2608202e-03
  8.9800134e-02
  1.0890208e-02
 -1.9552347e-01
 -6.1029050e-02
  7.8442536e-02
 -1.5009938e-01
 -2.3951512e-02
 -2.5544506e-01
  1.9020803e-03
 -3.7686322e-02
 -1.1706774e-01
  2.2440429e-03
  1.6081296e-02
  4.7936197e-02
 -3.6607653e-01
 -8.8575266e-02
  7.9646789e-02
 -2.7738757e-02
  4.8134647e-02
  9.0523198e-02
  4.6559987e-03
  6.9691420e-02
 -1.9591837e-01
  1.3743160e+00
 -8.6029032e-03
  5.3247924e+00
  4.6665028e-02
  5.2295364e-03
 -6.4570382e-03
  1.6941640e+00
 -3.3835394e-03
  4.9980417e-02
  8.1870504e-02
 -4.8554122e-02
  1.5411654e-02
 -8.9136474e-02
  4.6639025e-02
 -1.5612874e-02
 -1.0769159e+00
  1.5016149e-02
 -8.4472612e-02
 -1.8879022e-02
  1.2532133e+00
 -2.7074592e-02
  7.2793210e-01
  6.7738771e-01
 -4.8797429e-02
 -2.8710611e-02
  3.5319428e+00
 -7.9666650e-01
 -1.3482996e+00
 -1.6232064e-01
  1.8865936e-01
  5.6601722e-02
  7.4981186e-03
  2.8037176e+00
  8.0585383e-02
 -1.3083698e-01
 -1.3797268e+00
  2.6371709e-01
  1.4731593e-01
 -1.0339301e-02
 -2.2494311e-02
 -7.6655470e-02
 -1.7597357e-02
  2.6890182e-01
 -1.2905810e-02
 -1.0894801e-01
 -2.0783857e-01
  1.5168153e+00
  1.0363462e-01
 -9.2202432e-02
  1.1991825e+00
  6.7418166e-03
  9.7978907e-03
 -3.0707998e-02
  3.0863788e-02
  1.6883908e-01
  6.2208146e-01
 -1.8881862e-01
  1.1889241e-01
 -1.2411040e-02
 -1.7250595e+00
  3.3190581e-01
 -3.7131589e-02
  1.9226779e+00
  4.2502633e-01
  2.6801053e-02
 -8.5452460e-02
  1.5551113e-02
  2.6499251e-02
 -5.5759892e-02
 -6.0612326e-03
  5.5619180e-03
 -4.6748980e-03
 -2.1563675e-02
  7.8669958e-02
 -7.8184441e-02
 -1.3040867e-01
 -4.9326815e-02
 -8.7103033e-01
  7.6976456e-02
 -5.8955216e-01
  6.6079505e-02
 -4.8803398e-01
  3.2773724e+00
  3.6521606e-02
 -4.1303716e+00
 -1.9132628e-01
 -1.0091037e-02
 -3.3536762e-02
  7.2761834e-02
  7.7765696e-03
 -1.1378326e-02
 -1.0845865e-01
 -2.3216769e-02
  7.6348137e-04
  1.3765782e-02
  6.5338880e-02
  1.1243978e+00
 -3.0921167e-02
  2.6248317e-02
 -7.6038770e-02
 -1.5995350e-01
  1.6660423e-03
 -1.8409817e-02
 -2.1414249e-01
  1.6201908e-02
 -9.2854276e-02
  8.9414299e-02
  1.3486592e+00
 -5.2187357e+00
 -1.2467843e+00
 -2.3999220e-02
  2.4795199e-02
  4.1882332e-02
  1.9959103e-01
  1.1102184e-01
  5.4670829e-02
  1.0479020e-02
 -4.3660384e-01
  9.9730611e-02
 -8.7204352e-03
  3.8184475e-02
 -4.6484988e-02
 -1.0646770e-02
  2.4025181e-01
  1.6447224e-02
  1.6298575e-02
 -2.0566765e-02
  3.0223086e-02
 -1.2438230e-01
  1.2748059e-02
 -1.2057397e-02
 -9.9929258e-02
  2.5930939e-02
  3.6008008e-02
 -1.3576793e-02
 -2.7752614e-01
 -1.1107843e-01
 -6.9766462e-02
  5.7475911e-03
  5.9580453e-02
 -2.5275320e-02
  9.7972890e-03
  4.2950407e-02
 -1.2202295e+00
  1.0320177e-02
  3.4028389e-03
  3.0648394e-04
  4.4258308e-02
  1.5152547e+00
  5.4647267e-02
  2.1323431e+00
  6.4629311e-04
  1.3651338e-01
  3.4087095e-02
  6.7432627e-02
 -4.1722987e-02
  6.0878698e-02
 -5.3277743e-01
 -2.0523597e-02
  5.1032405e-02
  2.1668084e-02
  4.7218259e-02
 -1.2571853e-01
  5.1905084e-02
  1.2572993e-02
 -3.4928601e-02
  1.5776999e-01
  3.6155686e-03
  5.8175105e-05
  6.7357733e-03
 -6.5056980e-03
 -1.8562430e+00
  1.9883124e-02
  3.2502055e-02
  5.3591240e-02
 -3.1338551e-03
 -5.6523506e-02
  3.3370845e-02
  1.5937848e-02
  4.4015992e-02
  5.1873650e-02
 -4.0826610e-05
 -5.6490034e-01
  1.6520827e+00
 -1.2348069e-02
  1.9501085e+00
  3.0767806e+00
 -2.9531208e-01
 -1.6262424e+00
 -5.6576872e+00
  1.1339483e-01
 -3.9981420e+00
  2.5503881e-02
 -2.7298789e+00
  3.1814301e+00
 -2.1898968e+00
 -2.8099792e-02
 -1.0327318e+00
  6.8545729e-01
 -4.3193374e+00
 -7.7053297e-01
 -2.5814881e+00
 -8.2916282e-02
  1.0294616e-02
 -1.5118182e-01
  7.7144057e-02
  3.8721852e-03
 -2.2640569e+00
 -3.5443252e-01
 -7.0636082e-01
 -1.0251807e-01
 -5.9024221e-01
  3.5486487e-01
  2.7418959e+00
 -6.7280203e-01
 -2.4877198e+00
 -2.2492161e-01
 -4.6881218e-02
 -9.2679083e-01
  2.5383866e-01
  1.7023678e+00
 -2.3012686e+00
 -3.4123990e-01
  4.2103207e-01
  2.8392150e+00
 -1.0641601e+00
 -4.1865592e+00
 -3.8161888e-03
 -1.9690597e-02
  1.2434267e-02
 -1.7529063e-01
 -3.0045367e-03
 -6.2725800e-01
  9.8234238e-03
  1.0399189e-01
  2.3644853e+00
 -2.6254060e+00
 -7.2835484e-03
  1.1658024e+00
 -2.6672044e-01
 -1.3863648e-01
  1.3364111e-01
 -2.6752194e-03
 -2.0000179e+00
  3.0533514e+00
 -1.9194804e-02
 -3.9973937e-02
 -2.8074841e+00
  1.0398610e+00
 -1.6806448e-01
 -6.5050733e-01
 -7.7851087e-01
 -4.4215959e-02
  7.9204541e-01
  1.9870318e-02
  5.1884577e-02
 -4.7324494e-02
  8.7423921e-03
 -3.1179291e-01
 -7.8143626e-02
  4.6902433e-02
 -1.0875893e-02
 -1.7021168e-02
 -3.1773649e-02
 -2.8119912e-02
 -5.6710016e-02
 -6.7840930e-04
 -5.4615852e-03
 -3.0644795e-01
 -8.9141928e-02
 -2.4582055e-01
  3.5648692e-02
 -2.9784163e-02
 -1.6526853e-01
 -1.7639931e-02
  5.5833441e-01
 -6.2139533e-02
  2.8870495e-02
  2.1743909e-03
  3.8025003e-02
  2.2606575e-03
 -4.0281168e-01
 -3.5084553e-02
  2.7156528e-02
 -2.9008353e-02
 -6.8634935e-02
  6.2314641e-02
  1.6084244e-03
 -3.7961975e-03
 -9.8269293e-03
  9.9367356e-01
 -3.7406983e+00
 -1.7336609e-02
  4.0435284e-02
  3.6513944e+00
  6.5674484e-02
 -1.0489824e-01
 -1.5068575e+00
  8.6805016e-02
  1.5760900e-02
  4.4495493e-02
 -5.6034634e-03
  8.0058828e-04
  1.6610320e-01
  4.0571759e-03
  3.1827677e-02
 -6.9839862e-04
 -3.1821888e-02
  2.7068470e-02
  7.9146288e-02
 -5.6674428e-02
 -1.4246632e-02
  5.9095815e-02
  1.6752039e-01
 -9.5846428e-04
 -2.6448518e-01
  1.0198973e-01
  1.1820020e-02
  6.5685026e-02
 -1.8426130e-02
  8.1820525e-02
  1.5846781e-02
  4.6180174e-02
 -2.1679904e-02
  8.9481667e-02
  2.0028673e-02
  1.0095653e-02
  1.1586283e+00
 -1.3556178e-01
 -2.9978050e-02
 -4.4915158e-02
  7.4710786e-02
  2.4477972e-02
  1.1686626e-02
  1.3264704e-02
 -5.5493727e-02
  8.2084022e-02
 -3.9825540e-02
  1.1857713e-02
  3.0018782e-02
  2.5432395e-02
 -5.4499898e-02
  6.9689468e-02
  1.2408257e-01
  2.0598910e+00
 -2.8719437e+00
 -2.1019094e+00
  2.3560402e+00
  1.7236161e+00
 -1.4168274e+00
  7.2082317e-01
 -4.6767932e-01
  2.1321983e+00
  6.6928655e-01
 -3.6473007e+00
  3.8802106e-02
  2.7674456e+00
 -7.0386633e-02
  2.1398041e+00
 -1.7007328e+00
  1.7008665e+00
  1.3442917e+00
 -3.8136523e-02
 -1.3874843e+00
  3.2327867e+00
  2.2699414e-01
  9.6603565e-02
  6.7628771e-02
 -1.1930789e-02
 -7.2102624e-01
  1.2066627e-02
  6.2893935e-02
  1.5665778e+00
 -2.1583455e+00
 -9.7804725e-01
  1.6049470e+00
  9.3571186e-01
 -1.0380907e-01
  1.2986830e+00
 -2.0541990e+00
  4.7458701e-02
  8.5067493e-01
 -5.3165221e-01
 -3.9028758e-01
 -2.5328043e+00
  2.4982786e+00
 -3.2131371e-01
 -1.1463020e+00
 -1.0358495e-01
 -8.3900109e-02
  1.3268139e-02
 -2.2994618e-01
  8.5087772e-03
 -2.0853251e-02
 -7.9214955e-03
 -3.8520079e-03
 -2.1580327e-01
 -3.2336123e-02
  1.0239828e+00
 -2.4945524e+00
  1.2112972e+00
  1.7528698e+00
  1.5473077e+00
  1.6433200e+00
 -1.0684251e+00
  3.2361054e-01
  5.0158811e-01
 -7.5513329e-03
  1.1762913e+00
  3.1171528e-01
  6.9107836e-01
 -1.3918021e+00
  1.5872534e-02
  6.6089749e-02
  5.2383848e-02
  2.3165097e-02
  3.5214286e+00
  1.3669734e-01
  3.0942237e+00
  3.0068163e-02
 -4.2324463e-01
 -9.5921570e-01
  1.1221786e+00
 -1.1461440e+00
  1.7873725e-02
  4.3750083e-01
  2.2425315e-01
 -8.2596742e-02
 -1.8123781e-02
 -3.4405737e+00
 -2.5379831e-01
 -4.5448136e-02
 -3.3619931e-01
  1.1723040e-01
  1.2121287e-02
 -7.0878933e-03
  8.5167152e-01
 -1.8880005e+00
 -1.4633700e-01
  1.0092312e+00
 -6.9826646e-03
 -1.5073227e+00
  1.1597402e-02
 -4.2987559e-02
 -1.7008357e-01
 -5.1984236e-02
  8.8846162e-02
  1.2925962e-02
  1.5082331e-01
  6.3393719e-02
 -8.4384210e-02
 -1.3670561e-02
  1.1353933e-02
  3.2356288e-02
  1.3611252e+00
  2.5548511e+00
 -2.0063155e+00
 -2.5140851e+00
  2.4809060e+00
  6.7967606e-01
  1.9631819e+00
 -8.3571956e-02
  1.5891458e-01
  3.0670572e-02
 -3.3302960e-01
 -1.4157314e+00
 -5.1549115e+00
  1.0797503e-04
  5.3598396e-03
 -3.0213671e-03
  3.4209603e-01
 -3.5450697e-02
 -8.6308226e-02
 -1.2915383e-01
 -1.7931378e-02
 -7.5299287e-01
  1.2518265e+00
  7.1182907e-01
  2.3229655e-02
  8.4556025e-01
  3.5954537e+00
 -1.1615499e+00
 -3.9515203e-01
  6.9097891e-02
 -9.1580480e-01
 -6.7874320e-02
  8.7721549e-02
  1.4254773e+00
 -1.1202423e-01
  2.3812972e-02
  1.3541114e-01
  2.2988091e+00
 -4.6737663e-02
  8.5311711e-02
  9.1450037e-03
 -1.1790860e-01
  2.0230525e+00
 -1.3591599e-01
  2.3638530e-02
 -2.7408340e+00
  5.2353393e-02
 -5.1282577e-02
  1.9652419e+00
 -1.6106637e+00
 -5.6610312e-02
 -6.9392663e-01
 -4.2452207e-01
 -4.1821115e-03
 -1.9225456e+00
 -1.2346394e-01
 -6.2612824e-02
 -3.3885300e-01
 -2.5744703e+00
 -7.0673123e-02
  9.3708014e-01
 -3.0377662e-02
  2.5618428e-01
  2.3301229e-01
 -8.0714144e-02
 -2.9689731e-02
 -9.7865790e-02
 -5.4953808e-01
  6.4051732e-02
 -1.9382376e-02
 -1.2734656e+00
  5.0442982e-02
  5.7505254e-02
  1.0999610e-02
 -1.4821783e-01
  2.5352292e+00
  2.7747942e-02
  1.9199695e-02
 -6.2662184e-02
 -8.4989287e-02
 -6.6400319e-02
 -1.3285282e-01
 -5.8661169e-01
 -6.6892631e-02
 -5.3383297e-01
 -1.4295558e-02
 -2.5912333e-02
  1.2353962e-01
 -1.0390194e-01
  1.6778836e-01
 -1.2171341e+00
  2.1152763e+00
 -2.2867830e-02
 -1.0901443e+00
  3.1112174e-02
 -2.2061312e+00
 -3.7020758e-02
  4.2653937e-02
  1.3680516e-03
  4.0341944e-01
 -7.0396587e-02
 -1.1564633e-02
 -2.0320358e-02
  4.6369724e+00
 -9.7299423e-03
  6.6557467e-02
  2.5603745e+00
  5.1008858e-02
 -3.8302741e+00
 -1.7143763e+00
 -1.5439177e-02
 -3.6590584e-02
  6.0834363e-02
  1.8599652e-02
 -2.4304990e-02
  1.9221941e-02
 -1.4866643e-03
 -3.2335922e-01
 -5.3819887e-02
 -7.1403600e-02
  1.9830752e-02
  2.4794819e-02
  1.9907057e-02
  4.4568904e-02
  6.8896592e-02
  4.1504323e-02
  5.5835668e-02
 -4.7571160e-02
  6.4697504e-02
 -4.6752539e-02
  1.4571215e-02
  1.2545274e-02
  1.2167507e-01
  1.0061390e-01
  7.8072146e-02
 -9.5144033e-02
 -2.8886497e-03
  2.9668717e-02
 -1.9027872e-02
  1.6836642e+00
  4.0729817e-02
  1.9755056e-02
 -1.0617454e+00
  1.6034047e-01
  7.7585623e-02
 -7.4195638e-02
  1.1615093e-02
  1.1871476e-01
  5.1302068e-02
  4.5616098e-02
  2.3559317e-02
  2.6584793e-02
 -4.4854269e-03
 -5.6479003e-02
  2.7382191e-02
  7.8999631e-02
 -1.2654133e-01
  1.5590996e-02
  7.5859381e-03
 -7.9995217e-03
  1.2054670e+00
  2.5787151e-01
 -2.3501727e-01
 -2.5380424e-01
  5.4695088e-01
 -1.0641689e+00
  8.6446028e+00
  8.7735718e-01
  2.4555573e+00
 -1.2088894e-02
 -6.0315337e-02
 -4.6879080e-01
  2.4440786e-01
  2.2506395e-01
  6.1263716e-01
 -1.6289020e+00
  1.5905456e-01
  2.3490438e-01
  2.3321696e-01
  1.9520156e-02
  2.5519514e-01
  3.0204046e+00
  1.6349498e-02
  1.1248535e-02
 -1.0256057e-02
 -5.3273386e-04
  5.0257687e-02
  4.3675631e-02
 -1.5809830e-02
  3.5937667e-02
  1.5954947e-01
 -3.6284436e-02
  1.0160984e+00
  7.2474733e-02
 -7.3415518e-01
  3.8744245e-02
  7.6444902e-02
 -2.1942699e-01
 -2.5091010e-01
  1.0019768e+00
  9.0465173e-03
  1.0123714e+00
 -8.4154266e-01
  5.4677099e-02
 -1.3363005e-02
 -1.0740659e-02
 -1.5695762e-02
  8.5356355e-02
  2.4089558e-02
  1.3015936e-01
  3.3616178e-02
 -1.3249314e-02
  1.5789278e-01
  3.3964541e-02
 -1.7535456e-01
  2.5740216e+00
 -1.8184303e+00
 -4.7176817e-01
 -5.1046520e-01
 -2.3825884e+00
  1.5437685e-01
  7.1435183e-01
  3.0624294e+00
  4.0803142e-02
 -4.4773210e-02
  3.3088726e-01
  2.3216760e+00
 -1.8854341e-02
 -1.9939636e-01
  2.9574292e-02
  2.1678953e-02
 -4.9516372e-02
  1.8791151e-01
 -5.9913609e-02
 -3.2339968e-02
  2.0370080e+00
 -1.2051253e-01
 -1.1564454e-01
  1.4036742e-01
  5.4586327e-01
 -3.7098095e+00
 -6.2344885e+00
 -7.3349848e-02
  5.5150650e-03
 -2.9160197e+00
  8.4193200e-02
 -6.8129942e-02
 -8.9071300e-03
  6.9520581e-01
  2.4108383e-01
  1.3667161e+00
 -3.9698608e-02
  1.5401176e+00
 -5.0660582e+00
 -2.2135168e-02
  6.5317885e-03
  1.3550995e-01
 -4.5970869e-01
 -1.1765417e+00
 -1.1923305e-02
 -3.6225095e-03
 -4.5565248e-02
 -4.4326391e-02
 -1.5867525e+00
 -4.7550175e-02
 -1.5245775e+00
  1.0259743e-01
 -4.0488046e-02
 -2.2184471e-02
 -1.0681551e-02
 -1.0049821e-01
  1.7751248e-01
  6.2394761e-03
  7.7922779e-01
  1.5602025e-01
  7.8063398e-03
 -8.7440379e-02
 -2.2392580e-02
  3.3871657e-03
 -1.6003725e-03
  5.6333624e-02
  1.2271480e-01
  1.5380150e-02
  2.2000458e-02
  5.7964064e-02
  3.0503903e-02
  1.0189979e-01
  6.9283754e-02
 -1.8308088e-03
  2.3465922e-02
  4.2246137e-02
  1.6264431e-02
 -2.2866547e-02
  3.5030548e-02
  2.0366793e-03
 -3.3245187e-03
 -1.7064150e-02
 -5.2632302e-02
  2.1958792e-01
  7.4479752e-03
  1.9084910e-02
 -5.5766530e-02
  2.0577027e-02
 -5.7373520e-02
 -2.1318207e-02
 -1.4283986e-02
  6.3392813e-03
  1.8189877e-03
 -1.9511262e-02
 -2.6623273e-02
  1.2101430e-01
  7.2069593e-02
 -6.1962929e-02
  5.1114458e-01
 -1.0924733e-02
 -5.1004272e-02
 -6.0282550e-03
  2.3486139e-02
  8.9387588e-02
  1.1826768e-01
  6.8553835e-02
  9.0933883e-01
 -1.3821207e-01
  3.9325137e-02
 -7.0699714e-02
 -2.9960608e-01
  9.6243179e-01
  1.0109301e-01
 -2.5872123e+00
 -4.5041919e-01
 -2.2457869e-01
 -4.5552654e+00
  4.7922723e-02
 -3.2470779e+00
  2.0723283e+00
  7.6784663e-02
  2.6009562e+00
  4.8874941e+00
  7.5164485e-01
 -2.8708538e-02
 -5.1268339e-02
 -7.6015264e-02
 -2.1094603e-03
  4.5232335e-01
  2.8893401e-04
  2.8678726e-02
 -1.8685667e-02
  1.4732620e-01
  1.1918549e-01
  6.7041504e-01
 -3.5022147e-02
 -1.2445427e-02
  7.1722694e-02
 -1.0651514e-02
 -6.7166490e-03
 -9.8863058e-02
 -4.0691808e-01
 -5.9174452e-02
  3.0365505e-03
 -1.2067122e-02
 -3.3612719e-01
  3.4799126e-01
  5.2755658e-02
 -4.4263113e-02
 -2.9165852e-01
 -5.8561631e-02
 -3.0808549e-02
 -7.4017629e-02
 -1.2824639e-02
  3.8516044e-04
 -4.1692164e-02
  1.5448710e-02
 -4.7972970e-02
  1.3342200e-01
  1.5474443e-02
 -7.2555691e-02
  1.7633959e+00
  7.7321368e-01
  3.4708746e-02
  4.8507018e+00
  1.7610141e+00
 -4.3609917e-01
  5.2927412e-02
 -2.9441167e-03
  8.2457811e-01
  1.7718848e-02
 -2.1574979e+00
 -8.3817065e-01
 -5.2134252e-01
  2.6168814e-01
 -3.2795048e+00
 -5.5983448e-03
 -4.6289778e-01
 -4.1098064e-01
 -2.3221134e-03
  4.6284012e-02
 -2.8411803e+00
 -9.8034722e-01
 -5.8521372e-01
 -2.2683868e-01
 -2.1062424e-02
  9.5709423e-03
 -8.8024274e-02
  2.3162004e-02
 -9.9911757e-02
  4.8949566e-02
 -8.4305339e-02
  9.8170228e-02
 -2.8200822e+00
 -1.8082198e-02
  1.3313176e-01
 -4.3019287e-02
  1.5156977e-02
 -5.0440127e-01
 -3.4725723e-01
 -5.5537921e-01
  5.4537918e-02
 -1.0164610e+00
 -7.1650761e-01
  2.6995502e+00
  2.1930762e-01
  4.2037841e-02
  2.1670628e-02
  1.8566100e-02
  3.6472738e-02
 -4.8382699e-02
 -8.0442339e-02
  1.0199480e-01
 -1.0144275e-02
  3.2207782e+00
 -1.0118644e+00
 -4.1046968e-01
 -1.5906541e-01
 -1.8328108e+00
 -9.1874078e-02
  9.6528545e-02
  7.9241835e-02
  4.5011905e-01
 -4.8731369e-01
 -2.0022541e-02
 -1.3316311e-01
 -8.7076854e-03
 -4.1800328e-02
  9.8309545e-03
 -5.5501781e-02
 -1.0058610e+00
 -1.8203547e-02
  3.4836978e-02
 -3.2331502e-01
 -1.0180254e-01
 -1.0540892e-02
 -8.0635391e-02
 -5.5468027e-03
  2.0932838e-01
 -1.9818658e-02
  2.5805671e-02
 -2.5467239e-02
 -8.4734142e-02
 -3.1851925e-02
  1.3423117e-02
 -2.4949683e-01
  1.7663203e-01
  3.3307220e-03
 -2.5211239e-02
 -5.7916425e-02
 -2.6921103e-02
 -8.9725971e-02
  1.3995572e-02
 -2.9185260e-02
 -9.6838996e-02
 -1.1838993e-02
 -5.0155174e-02
 -8.3522119e-02
 -2.2014371e-01
 -1.2153323e-01
  6.0361665e-02
  1.3682470e-01
 -1.1079618e-01
 -4.5838375e-02
 -2.4544155e-02
 -1.9613637e-03
  2.9883828e-02
  7.2232679e-02
 -2.9714685e-04
 -6.3665044e-01
 -1.8578905e-01
  6.5901262e-01
  3.0057387e+00
 -1.8626471e+00
 -4.1172991e+00
 -1.4392178e+00
 -1.2786461e-01
 -1.6608326e+00
  7.0771348e-01
 -1.5663664e+00
  9.4785355e-02
 -1.3289717e+00
 -3.2841021e-01
  1.8478072e+00
  5.3828585e-01
  1.4180514e+00
  1.3667544e-02
 -1.9130941e-01
 -6.7852163e-01
 -3.9515218e-01
  2.6512651e-02
  3.1457341e-01
  1.9208903e+00
  4.9555939e-01
 -7.1119213e-01
  1.0277306e+00
  4.0905175e-01
 -8.4211552e-01
 -5.2799290e-01
  1.9536948e+00
  2.8465861e-01
  1.2234349e+00
  6.3103449e-01
 -8.4960729e-01
 -8.4019601e-02
  6.0665776e-04
  1.8476031e+00
  5.7896465e-01
  2.1645057e+00
 -1.0496589e+00
 -2.3329818e+00
  2.7682400e-01
 -4.3081081e-01
 -4.7221966e-02
 -6.4534098e-02
 -2.0132431e-01
 -8.1037842e-02
  9.9079438e-02
  1.4660074e-01
  1.3583779e+00
  2.2714453e+00
  2.6641208e-01
 -1.5621749e-01
 -3.5864457e-02
 -5.0270207e-02
  2.9813504e-02
  2.7701996e-02
  3.0819982e-01
 -3.4523350e-01
  1.3826094e+00
  3.1331240e-04
 -5.1881766e-01
  1.5714791e-03
 -5.8271356e-02
  1.4602813e-02
 -1.3852036e-02
 -6.5992355e-01
  3.9925478e-02
 -1.0170511e-02
  3.1469252e-02
 -2.7150056e+00
 -8.2332827e-03
  1.3527571e-02
  3.3395819e-03
 -6.7776513e-01
 -1.4824089e-01
 -6.1937053e-02
 -1.0880367e-01
 -3.4395795e-02
 -2.6534159e-02
  7.7426009e-02
 -1.4916219e-02
 -1.3401813e-02
  4.7783658e-02
 -1.5873255e-02
 -1.7833432e-02
  2.8579302e-02
 -9.1553479e-03
 -9.1921620e-02
  1.7984483e-01
 -2.3403767e-02
  3.7136599e-02
  2.4662246e-01
 -2.6669271e-02
  4.3436632e-02
  4.6791192e-02
  9.2696972e-02
  2.9940819e-02
 -8.6848410e-03
 -9.1001570e-02
  2.1968320e-02
  5.5293075e-04
 -6.6723623e-03
 -1.9469155e-02
  2.5673153e-02
 -5.0556615e-02
 -1.4930225e-02
 -7.8492954e-02
  8.3405569e-02
  7.1380422e-02
  7.0501260e-02
 -3.1872536e-03
  6.3795649e-02
  1.2751530e-04
 -2.4506133e+00
 -6.9763385e-02
 -5.1447205e-02
 -8.6711701e-03
  6.3278846e-02
  4.5454069e-03
 -4.4694986e-02
  4.9286690e-02
  8.6820526e-03
  5.8670167e-02
 -1.9397037e-02
  9.4701618e-02
 -1.0496742e-01
  5.7476949e-02
 -3.4550967e+00
  1.5168542e-02
 -2.6638622e+00
 -6.3284409e-01
  4.5476973e-02
  2.5113033e-02
  1.8997113e+00
 -3.4755193e-02
  2.1081163e-02
  5.6740479e-03
  5.9175577e-02
 -1.7918548e-02
  6.0986806e-02
  1.9649951e-02
  8.9815877e-02
  3.1938396e-02
 -1.1010580e-02
 -3.0887146e-02
 -1.8769018e-03
  5.5684056e-02
 -3.4382986e-03
 -2.9256957e-02
 -3.0360656e+00
 -1.8261304e-03
  4.4163477e-02
  2.5102803e-03
 -1.9188877e-02
  1.9548457e-02
 -5.6921169e-02
  3.0325795e-02
  3.0403069e-01
 -2.7265787e-01
  6.1022781e-02
 -3.0438846e-01
 -1.9465594e-01
 -5.3862631e-02
  2.3703887e-01
  7.4054241e-02
 -2.2008389e-01
  5.1227772e-01
 -2.5568327e-01
 -4.2566532e-01
 -2.6343167e-01
 -3.1122646e+00
  6.7112260e-02
 -4.9023073e-02
  2.7433934e+00
 -8.6057138e-01
  8.1087768e-01
  2.0199955e-02
 -1.8344586e-01
  1.2183615e-01
 -3.0385382e-02
 -1.1827650e-02
 -2.5541350e-04
  2.7325518e+00
  4.1126186e-01
  4.3426957e-02
  1.7492518e+00
  8.0621295e-02
 -6.7189177e-03
  3.2210328e-02
 -1.0547635e-01
  1.3119631e-01
  7.7605146e-01
 -4.4895135e-02
 -9.2556085e-03
  1.1133193e-02
 -2.9162334e-02
  1.0839117e+00
  3.1004705e+00
 -2.8830272e-01
 -2.6103041e-01
 -8.0644846e-02
 -7.7027172e-01
 -1.7216338e-02
  1.6148390e-02
  1.6739992e-02
  1.4640233e-02
  1.1531260e-02
 -6.3899606e-02
  1.2173077e+00
  1.0352679e-01
  2.1128851e-04
  7.9306774e-03
 -8.6926609e-02
 -4.3171233e-01
  1.4515508e+00
  1.2421980e-01
 -1.9259175e+00
  9.7343934e-01
 -3.3314660e+00
 -3.3852795e-01
 -4.3518043e+00
 -3.0814211e+00
  2.4510803e+00
 -5.4936981e-01
  6.6445120e-02
  3.4059381e+00
 -4.9647264e-02
 -2.2512517e+00
  4.8871219e-01
  1.9125091e+00
  3.1991586e-01
 -1.2771074e+00
 -8.9360070e-01
 -4.5389497e-01
  1.8598241e+00
 -1.7398728e-01
 -1.0231353e+00
  5.0720615e+00
  2.6610288e-01
  1.6519338e+00
 -8.9703396e-02
 -5.7897286e+00
  2.6765537e+00
  1.3588227e-01
  3.9505384e+00
 -1.8829626e+00
  3.3326812e+00
  7.8076541e-01
 -3.0223041e+00
 -1.6935188e+00
  2.0609679e+00
  4.7165444e-01
  1.4194553e+00
  1.1180931e+00
  4.2057503e-02
 -2.0194168e+00
  2.1617758e+00
 -1.3735582e+00
 -3.1343644e+00
 -6.3280895e-02
  4.5634445e-02
  4.1162647e-02
  4.2094052e-02
  5.2413262e-02
 -2.7637001e-02
 -3.6842355e-01
  8.7772623e-02
 -3.5414189e-01
  2.4444079e-01
  3.9061396e+00
 -3.5697424e-03
 -1.2574527e+00
 -2.0978728e-03
  5.5420363e-01
  1.8991312e-01
 -1.2632330e-02
  3.8007269e+00
 -1.4823087e-02
 -1.8191197e-03
 -3.3382975e-02
 -1.1480984e-03
 -8.7449858e-03
  1.5658436e-02
 -4.8048818e-03
  3.6044710e-03
 -8.0916658e-02
  1.5702086e-02
  1.8441442e-01
 -1.0504390e-03
  9.3560971e-02
 -5.2186972e-03
  1.0749587e-01
 -5.2013598e-02
  1.3602029e-01
  3.4984156e-02
 -6.6377625e-02
 -7.2186835e-02
  3.0922601e+00
 -5.5497855e-02
 -1.0829140e-01
 -1.5050604e-02
  2.0859078e-02
 -6.5287929e-03
 -5.5566001e-01
  1.9640753e-02
 -1.2480936e-03
 -1.1664858e+00
  3.5169389e-02
 -5.9617221e-02
 -6.8406844e-01
 -2.5762804e-02
 -5.3511918e-01
  3.6466390e-02
  1.3413887e-02
  1.0039515e-02
  5.0659854e-02
 -2.7632486e-02
 -1.1400279e-01
 -2.6174992e-02
  3.6113348e-02
 -6.6323310e-02
 -6.4067356e-02
 -2.5994878e+00
  2.4039051e-03
 -1.4288981e-03
  3.5493582e-02
 -7.2462810e-03
 -3.5109021e-02
 -1.4719970e-02
 -2.5147042e-01
  3.4970930e-01
  1.2239886e-02
  4.0576585e-02
  1.0866276e-02
 -2.0691445e-02
  1.4529085e-01
  1.1453794e-01
 -1.3260786e-01
  7.5274624e-02
  9.6723837e-01
  7.9885690e-04
  3.9623000e-02
  3.3235095e-02
 -5.0686359e-02
 -7.3628582e-02
 -3.5991941e-02
  6.8553127e-03
  1.0746215e-02
 -2.5964657e-02
  1.4201288e-02
 -8.6317383e-02
 -5.1807038e-02
 -1.1017382e-03
  7.0633724e-02
  2.7921156e-03
 -6.0455527e-02
  2.5912051e-03
 -3.0894188e-02
  8.4237508e-02
  5.4484159e-02
  1.6514525e+00
 -9.9529684e-02
  1.6047880e-01
 -7.7321732e-01
  7.2676451e-03
 -1.9974371e-02
 -1.2594205e-02
 -1.2428965e-01
 -6.1190948e-02
  6.2092196e-02
  1.0527208e-03
 -5.0196085e-02
  4.9686316e-02
 -2.3425728e-02
  3.9337486e-02
  1.6418086e-02
 -4.5375310e-02
 -7.2204643e-01
  6.2975332e-02
  9.5138597e-01
  5.3427525e-02
 -1.1147910e-01
 -1.9127012e+00
  9.4454788e-02
 -2.1093826e+00
 -4.2623926e-02
 -1.7091414e-02
 -7.9735287e-02
 -6.0908715e-03
 -1.2730165e+00
  8.0646314e-02
  1.7276136e+00
  5.2222468e-02
 -1.1545506e-02
 -9.8073464e-03
  1.0026266e-01
  1.6733261e-02
  4.9640719e-02
  5.6176044e-02
  3.9353918e-02
  1.0153861e-02
 -2.1992603e-02
  7.2193630e-02
  3.4595214e-02
 -1.2303890e-02
  3.6746416e-02
 -1.0531396e-02
  5.3380210e-02
 -6.1432230e-03
  1.3630149e-01
 -6.8208547e-03
 -1.4240485e-01
 -4.1473933e-02
  6.7677177e-02
 -5.6931652e-02
  7.3381634e-03
  9.5652021e-02
 -1.2248908e+00
  1.7999748e-02
 -1.1012299e-01
 -3.2219108e-02
  6.0896892e-02
 -4.5054223e-02
  2.3611426e-02
 -4.6340451e-02
 -2.5956480e-02
 -3.4142766e-02
 -9.0355193e-03
  2.5726603e-02
 -6.2705941e-02
  2.3221352e+00
 -4.8281507e+00
 -3.8125541e-02
 -6.8332785e-01
 -1.1924359e-03
  2.3200212e+00
  1.0076627e+00
  1.0072439e+00
  2.3463407e-01
 -5.6634273e-02
 -1.1442881e-02
  5.4826878e-02
 -5.0925757e-03
 -1.1508261e+00
  5.2038319e-02
 -2.3826012e-02
 -3.3818439e-03
  6.6321651e-03
 -2.3779217e-02
 -1.3291587e-01
  1.0119159e-02
 -7.4558443e-04
  7.8738421e-02
 -1.4357531e-01
 -2.3095164e-02
  4.6289897e-01
 -1.4164935e-02
 -7.6275230e-03
  6.1609808e-02
  5.7253201e-02
  7.6651655e-02
 -1.8372739e-02
  2.1794360e+00
 -5.0758358e-02
  1.4411750e+00
 -1.7093104e-01
 -3.4562480e-02
 -1.2771335e-01
 -1.0314928e+00
  4.0750105e-02
  5.4525174e-02
  1.6011137e+00
  4.1845031e+00
  1.3442540e-01
 -9.5773357e-01
  2.8471383e-01
 -9.3139912e-04
 -6.1416846e-02
 -1.1417506e-02
  2.6522450e-02
  9.9089984e-03
 -7.2876684e-02
 -8.6910196e-02
  2.3761475e-02
  1.3293136e+00
 -3.1141860e-02
 -4.0568020e-02
  9.2463948e-02
 -9.6222721e-02
 -6.5601125e-02
 -1.7337274e-02
 -1.9396619e-01
 -1.5941866e-02
 -8.9973122e-02
 -5.7628900e-01
  3.2571893e-02
 -3.0408559e-02
  4.0414874e-02
 -1.1446339e-02
 -4.7745626e-02
  5.9633788e-02
  3.2629702e-02
  1.3429702e-02
 -4.6297520e-02
  4.0820111e-02
 -3.3030631e-03
  7.4099427e-01
  3.7456783e-03
  2.5197377e-02
  1.3615090e-01
 -3.0020226e-02
  9.0254560e-02
 -3.3946324e-02
 -8.2935691e-02
 -9.3401922e-03
  3.7893750e-02
 -8.9263134e-03
  4.0600620e-02
  1.1290923e-02
  1.6472939e-02
  3.4802862e-02
  3.9053168e-02
 -3.6149077e-02
  6.3605338e-02
  3.4358937e-02
  1.6865915e-02
 -1.6704401e-02
  1.5890114e-02
 -3.4178726e-02
 -4.1717103e-01
  2.2759186e-02
 -2.7477529e-02
 -3.0673292e-02
  8.6255401e-02
  3.7921526e-02
  1.9612487e-02
 -7.1891793e-03
 -2.6934820e-01
 -4.7834852e-04
 -1.4215055e-01
  1.6043976e-01
 -8.3885910e-03
 -2.7589031e-02
 -3.0408433e-02
  7.1189706e-03
 -4.7006369e+00
 -2.3373181e-02
 -1.1128847e-01
  4.6235546e-02
 -1.2523824e-02
  6.5564767e-02
 -1.2270447e-01
  7.7494094e-03
 -2.6497113e-02
  8.6526856e-02
 -1.2755262e-02
 -3.7066463e-02
 -5.2954637e-02
  1.3085973e-02
  5.8184225e-02
  2.2985952e-02
  8.5782014e-02
 -5.6882519e-02
  3.9376944e-02
  2.5881622e-02
 -2.1617140e-03
  1.5428869e-02
  1.0629465e-01
  8.6825959e-02
 -2.3979681e+00
 -1.5784145e-03
 -2.0143046e+00
  1.9979693e-02
  1.0573532e-02
 -4.4724755e+00
 -2.4898626e-02
 -1.1130841e-02
  1.2148234e-01
  6.5870374e-03
  2.7771765e-01
  7.2154952e-03
 -3.0837471e-02
 -1.4213829e-04
  4.2040851e-03
  1.2271938e-01
 -2.7659483e-02
 -3.1532117e-04
 -7.2390274e-03
  6.3297980e-02
  8.9687847e-02
 -2.3854464e-02
  1.2170045e-03
 -5.6974596e-01
 -1.4046782e+00
 -2.6862675e-02
 -6.5870756e-01
  4.7778063e-02
  1.5170430e+00
  2.7205071e+00
  8.3990562e-01
  3.7575612e+00
 -9.6323052e-03
  9.4757505e-02
  8.9680947e-02
 -1.0242601e-02
 -2.2848506e-02
 -6.8315454e-02
 -2.8307267e-02
  8.6053997e-02
  7.7257223e-02
 -3.3339158e-02
 -3.4976020e-02
 -2.0182356e-02
 -8.1525579e-02
 -2.2988893e-02
  9.2166951e-03
 -3.9051037e-02
  3.0377987e-01
 -2.7623156e-02
 -4.9649421e-02
  1.0651712e-01
  1.2395550e-02
  1.0573725e+00
  1.2322537e-01
 -4.7184967e-02
  7.0254564e-01
  4.4760451e-02
  6.1211395e-01
  3.8948104e-02
  1.0485782e-01
 -1.8559041e-02
 -8.9861766e-02
 -3.6609296e-02
  1.9298431e-02
  1.4843260e+00
 -1.3907645e+00
 -4.3835496e-03
 -1.4328157e-02
 -6.0030684e-02
  2.2369730e+00
  3.6927639e-03
 -2.2223826e-02
 -1.5476530e-02
 -2.6301232e-01
  7.7717662e-02
  5.2471709e-02
  3.8779407e+00
  2.5967643e+00
 -3.2777896e+00
 -2.3553243e+00
  6.7995529e+00
 -2.5328755e+00
 -8.1640840e-01
 -4.3972257e-01
  1.0583715e+00
  1.7724298e-01
  1.0329036e+00
 -1.7372624e+00
  1.8209689e+00
  1.6141888e+00
  2.8537838e-02
 -2.4174193e-02
 -9.3334244e-04
 -5.7075378e-03
 -1.8017711e-02
  1.2454148e-01
 -3.6283815e-03
  4.6770352e-01
  4.5883149e-01
  1.4729080e-01
 -1.4991889e+00
 -2.4880553e-02
  7.5354348e-03
 -2.5341317e-01
  3.6975610e+00
 -1.8759611e+00
 -3.6642584e-01
 -3.7543558e-02
  9.6735686e-02
 -6.8334952e-02
 -8.6838759e-02
 -5.4451523e+00
 -1.2706988e-01
  1.8790859e+00
  2.5863159e+00
 -1.2707398e+00
  4.4273958e-02
 -2.2984160e-02
 -1.0373782e+00
  6.6574818e-01
 -2.8173937e-02
 -9.7062357e-02
  8.0467597e-02
 -8.0030058e-03
  1.5929276e-02
 -1.1913282e-01
 -1.7399794e-01
 -1.3597725e-01
  1.6264485e-01
  4.6387665e-02
 -2.1007247e+00
 -4.1951707e-01
  3.7975264e+00
 -4.7391915e+00
  1.2962816e+00
  9.0147710e-01
 -4.7527826e-01
 -7.7592945e-01
 -1.7297855e-01
  1.9217538e+00
 -4.0176217e-02
 -2.3403703e-03
  4.7529587e-01
  1.1927826e-01
  2.8638523e-02
  6.7085236e-01
 -2.4658540e-01
  3.1999223e+00
 -2.8506634e-01
  1.0568690e-01
  5.1407265e-03
  2.0474708e+00
  1.4410560e-02
 -8.9359181e-03
  1.0008225e+00
  9.2471188e-01
 -3.3692145e-01
 -9.9356705e-01
 -3.9145485e-01
 -1.0394133e+00
  4.6668091e-01
  1.7719970e+00
 -8.6576067e-02
  3.8653883e-01
  2.0791385e+00
 -2.1214621e+00
  2.1476517e+00
  3.5019186e-01
 -4.5693275e-03
 -2.1071917e-01
 -2.3221829e+00
  1.1525299e-01
  4.4349927e-01
 -2.5451556e-01
  4.2218041e-01
  9.5912896e-02
 -6.2454492e-02
  6.7120858e-02
 -6.9493122e+00
  3.3345008e+00
  1.4257468e-02
  3.0684742e-01
 -1.2408121e-02
  1.0257949e+00
  1.2241060e+00
  1.3214499e+00
  3.4989670e-01
  2.3334451e+00
 -2.9253807e+00
  2.6084428e+00
  1.8834927e+00
 -1.4810911e+00
 -1.1645167e+00
 -1.1716020e-01
  4.0451672e-02
  9.4482191e-02
  2.9524217e+00
 -1.5661867e-03
 -3.0450073e-01
 -3.6598644e+00
  3.4852552e+00
  4.8442457e-02
 -1.0428716e+00
  2.0638402e+00
 -8.6833954e-02
 -2.7089529e+00
  6.1632581e-02
  1.9632956e-01
 -2.0831959e-01
  1.1602056e+00
 -1.1308470e+00
 -2.7568202e+00
  1.0039811e+00
  1.7473973e+00
  1.0035409e+00
 -2.8209373e-02
 -3.1630012e-01
 -8.0115229e-01
  6.4139909e-01
 -1.2023710e-01
 -1.0274495e-01
 -1.9203161e-01
 -4.3637175e-02
  9.2631280e-03
  1.0914519e-01
 -5.5527598e-01
 -6.9933468e-01
  5.9236385e-02
  6.3287921e-02
 -6.4990997e-02
 -2.9033756e-02
 -6.4785317e-02
 -9.2225924e-02
  1.1054782e-02
 -4.2288188e-02
  1.2640230e-01
  1.0327884e+00
 -1.2336960e+00
  2.0425158e+00
  5.0859499e+00
  2.1615159e-02
 -1.4059949e+00
 -3.1347018e-01
  1.2772309e+00
 -2.8196666e+00
 -4.3729339e+00
  3.5470090e+00
 -1.2414920e-02
  5.3320371e-02
  1.1516541e+00
 -1.9556020e-01
  2.4767928e-02
  1.0897398e-01
  3.2110748e-01
 -1.7220408e-01
  5.5142534e-01
 -1.4300057e-02
 -5.5758669e-03
  1.4651971e-01
  1.6182153e-02
  1.9962635e-02
  1.0617068e+00
  1.3858040e-01
 -2.0999037e-02
  6.1129147e-01
 -2.8275495e-02
 -6.7776269e-03
 -2.0377666e-02
 -8.5726850e-02
  1.8478550e-02
  7.6456177e-01
  2.3381053e-02
 -1.4617562e-01
 -1.7594224e-02
  2.9133188e-02
  5.3708430e-02
  1.4123937e-01
  2.0050760e-03
 -5.2149391e-01
  8.0258586e-04
  6.0103009e-03
  4.0215662e-01
  2.2253085e-02
  3.6856376e-03
  1.8342484e-02
  1.4181645e-02
 -1.5384463e-02
 -6.5115735e-02
 -1.0045701e-01
 -2.1014040e-02
  1.2403553e-01
 -8.6069684e-03
  6.5850127e-01
  1.7192657e+00
  4.9278632e-02
  1.2920331e+00
 -1.4382749e+00
 -1.5910566e+00
 -2.2654793e+00
  8.4879142e-01
  1.7884390e+00
  4.0615851e-01
 -1.0277328e+00
  1.8079647e+00
 -8.1508088e-01
 -2.5293998e-02
 -3.2491093e+00
  1.2613236e+00
 -3.5013254e+00
  8.2566304e-04
  1.1041811e-01
 -6.8442822e-03
 -2.1853001e+00
  2.5732543e-02
  1.7277146e-02
  4.9772821e-02
 -3.5938077e-02
 -6.8030840e-01
  5.7298505e-01
  4.1369051e-02
 -2.2553168e-01
  4.1637376e-01
 -9.3255746e-01
  1.0882072e-02
  7.6683688e-01
  2.8719960e-02
 -9.8389578e-01
 -1.5970077e-01
  1.3233435e-01
 -2.0488959e-02
  2.1994491e-01
  2.6970627e+00
 -1.0683045e-01
  7.4067271e-01
 -6.1430346e-02
  1.1394657e+00
 -1.0118640e-03
  3.0790795e-02
 -5.7271000e-02
 -6.9388419e-02
  9.0124302e-02
 -1.3928884e-01
 -8.6563595e-02
 -3.7521530e-02
 -2.8186064e-04
 -8.9922789e-03
  3.8606346e-02
  3.6417279e-02
  4.5194368e+00
 -2.1703353e-02
  3.8425339e-04
 -5.1617431e-03
 -1.6437005e-02
  8.6922276e-01
  7.7792175e-02
  1.9250961e-02
 -3.3648141e-02
  1.6087404e-02
 -4.9011737e-02
 -2.8233126e-02
 -8.1774467e-01
  1.0012252e-02
  3.5286908e+00
 -3.0815843e-02
  1.2782323e-01
  4.0071867e-02
 -8.5038161e-03
 -1.5686880e+00
  6.4640611e-02
  1.3013424e-02
  6.9285363e-02
 -9.3188500e-03
  1.7726826e-02
  5.6529034e-02
 -1.4701222e-02
  5.8825631e-02
  2.4308389e-01
 -3.5455599e-02
  9.6457284e-03
  4.5846969e-02
  3.0315975e-02
 -5.0519250e-02
 -1.0549763e-01
 -7.4086161e-03
 -8.1261441e-02
 -4.1167121e-03
  2.3029566e-02
  5.8452683e-03
 -1.3029158e-01
 -6.7703985e-02
 -1.0933290e-01
  2.7729956e-02
 -5.5456553e-02
  9.4457567e-02
  7.3740147e-02
  1.4132820e-03
 -1.1856223e-02
 -4.1334931e-02
  2.5290875e-02
  3.7821189e-02
 -5.5212939e-01
  1.6554992e-01
 -2.6117239e-02
  3.2294236e-02
 -7.9967968e-02
  6.6974298e-03
 -2.0640556e-02
  2.9609540e-01
  3.6355567e-01
  5.4885698e-03
 -5.9671175e-02
 -5.8530677e-02
  1.5649179e-02
  1.0712700e-01
  4.0754266e-02
 -3.3094164e-02
  2.2619821e-02
 -1.1945885e-01
 -2.4869252e-02
  1.6251730e-02
  1.9877471e-02
  1.1500982e-02
  3.5309327e+00
 -5.3332452e-02
  2.6294240e-03
 -4.6296373e-02
 -6.1302263e-02
 -9.1674753e-02
 -4.3616705e-02
  1.9621950e-02
  1.0102208e-01
  2.6769402e-02
  7.6467343e-02
  2.7660133e-02
 -9.8098971e-02
 -2.5830835e-02
  5.7537681e-03
 -7.6253917e-03
  1.4396702e-03
  1.2432206e-01
  1.5661570e+00
  3.4516152e-02
 -2.6706292e-03
 -1.8241880e-02
 -2.4728643e-02
  8.2584908e-03
 -6.2347945e-02
  4.9499236e-02
  2.9876016e-02
 -1.3215238e-01
  1.6013606e-02
 -7.4868865e-02
  2.5821457e-02
  4.6212625e-02
  7.6987177e-02
  2.0562252e-02
  1.8007246e-01
 -8.6239194e-03
  5.1664576e-02
 -7.4130312e-02
 -1.2212338e-01
  1.2922982e-02
  1.0047746e-01
  4.3934625e-02
 -6.6371551e-03
 -2.9865505e-02
 -1.0850679e-02
 -2.9819151e-02
  1.3103984e-01
 -4.4994866e-03
 -2.1193411e-02
 -5.8836635e-02
 -4.1893002e-02
 -1.1683564e-02
  6.6194795e-02
 -1.3321374e-02
  1.3005220e-02
  1.5355074e-01
  7.9774052e-02
 -3.0669823e+00
  8.6330570e-02
  2.7034798e-04
  2.9756265e-02
  2.9703623e-02
  5.0513871e-02
  1.4523765e-01
 -3.3586789e-02
  8.3234258e-02
 -2.7134141e-02
 -5.2613025e-03
  4.0296852e-03
  1.1772515e-02
 -6.7282431e-02
  2.4558520e-02
  1.7495681e-02
  4.4206258e-02
  2.5091879e-02
 -1.6842814e-02
 -2.6056841e-02
  4.2056043e-02
 -8.4121990e-01
 -1.3353266e-02
  7.4273556e-02
  4.3896312e-01
  8.5621424e-02
  4.5797735e-02
  3.5758989e-03
  3.1719349e-02
 -3.9636895e-02
  3.2191969e-02
  2.0135660e-03
  1.0745007e-02
 -1.8398559e-02
  9.4732746e-02
 -2.5915451e-02
 -9.0375006e-02
  6.6144043e-03
  7.7567985e-03
  1.7919752e-01
 -2.4891963e+00
  6.2612280e-02
 -1.8391270e-02
 -4.2725804e-01
 -1.3864464e-02
  8.5623354e-02
  5.8390453e-02
  4.2465247e-02
 -1.4351526e-01
  1.0714411e-02
 -3.4245159e-02
 -1.4155154e-02
 -4.1690216e+00
 -2.8767392e-01
  4.1603219e-02
  4.2386758e-04
 -3.4042401e-03
 -8.7981187e-02
 -1.6223509e-02
  4.6458087e-04
  4.1416716e-02
  1.2221447e-01
  1.1974863e-02
 -2.0562265e-02
 -4.8034806e-02
  4.2015705e-02
  1.1336942e-02
 -1.8899210e-02
 -3.2055120e-03
 -7.8123421e-03
  1.9806596e-02
 -7.6734950e-03
 -3.8029283e-02
 -1.1276443e-02
  3.0897167e-01
 -3.5005447e-02
 -1.4954641e-02
 -1.1821177e-02
  5.6645606e-02
 -1.9732378e-03
 -2.8225256e-02
  4.4162576e-03
 -6.0034577e-02
  2.1673241e+00
  5.4203961e-02
 -3.0222813e-02
 -6.8241462e-02
  1.1662968e-02
  2.0085869e-02
  5.5740482e-01
  5.7576075e-03
 -3.5797279e-02
  1.4862455e-01
  5.0129347e-02
 -7.5309902e-02
 -4.0015563e-02
 -4.1316058e-02
 -4.0506192e-02
  1.1106473e+00
 -4.0730324e-02
  7.6552808e-02
  4.1879982e-02
 -7.1912594e-02
 -4.1823495e-02
 -7.4426574e-03
  6.1564647e-02
 -2.1235706e-01
 -1.5144160e-01
  2.3954757e-02
  6.5353580e-02
 -2.2391353e-02
 -2.5135770e-02
  1.0903305e+00
  8.7020546e-03
  1.7205626e-02
 -6.7060702e-02
 -4.7331158e-02
  6.2676400e-02
 -1.1719663e+00
 -3.1621151e-02
  2.1790752e-02
  5.1477831e-02
  8.5858805e-03
 -1.1006482e-01
  6.6912393e-03
  4.0671616e-04
 -7.1023799e-02
 -3.7981160e-02
 -1.3294609e-03
 -2.7992701e-02
 -2.0306971e-02
  9.0456354e-03
 -1.1482029e-01
 -1.1062960e-01
 -1.0427305e-02
 -7.4901953e-02
  3.1010857e-02
 -1.9664677e+00
 -1.1886120e+00
  5.7904255e-01
  1.5597950e+00
  2.0280416e+00
 -3.9128768e-01
 -8.8014114e-01
  2.7250283e+00
 -4.1826919e-01
  1.7060999e+00
  1.1062878e-01
  9.5549673e-02
  4.7799785e-02
  6.8183936e-02
 -7.6016048e-03
  1.4596002e-02
  2.8134877e-02
  1.7080817e-02
  3.5364844e-02
  3.4010369e-02
 -2.3534928e-02
  1.1310413e+00
 -9.9788226e-02
 -1.0193123e-02
 -4.4985357e-01
  7.2117835e-01
  7.6666445e-02
 -2.1721544e+00
  7.3792949e-02
  6.3891202e-02
  1.1493020e-01
 -1.0049532e-01
 -8.2359567e-02
 -3.6543272e-03
 -8.0604181e-02
  3.9486152e-01
 -1.8184086e-02
  4.3895829e-02
  4.0419035e-02
 -1.0428806e-02
 -3.6237977e-02
  6.6969022e-02
 -2.0794040e-02
 -2.8504890e-01
 -1.1065055e-01
 -8.2552945e-03
 -5.3557582e-02
 -4.8290390e-01
 -7.4061483e-02
 -2.3094630e-02
  4.3533448e-02
 -6.1912175e-02
 -5.9287113e-01
 -9.8871402e-02
  9.0542954e-01
 -3.6704552e+00
  3.8215180e-03
  3.6037481e+00
  1.1088544e+00
 -1.1772541e+00
 -2.1991122e+00
 -6.0634232e+00
 -1.9783331e+00
  9.5524877e-02
 -8.1667183e-03
 -3.8463360e-01
  1.5462373e-02
  5.4882035e-02
 -1.3806506e-01
 -7.1787886e-02
  1.2708781e+00
 -6.3910700e-02
  6.5415883e-03
 -1.1842147e+00
 -3.2533770e+00
 -2.0793335e+00
 -1.8310178e-02
 -2.4704406e-01
 -1.8325260e-01
 -6.7209142e-01
  3.4694834e+00
 -7.0535190e-02
  8.6646414e-01
 -9.3488015e-02
 -5.9532207e-02
 -3.3885144e-02
 -1.0330019e+00
 -4.2013058e-01
  1.1679662e+00
  4.9252056e-02
 -1.7650317e-02
 -2.7597288e-02
 -5.9244903e-03
  3.8252681e-01
  1.2778632e-01
  1.2173254e+00
  4.6700845e+00
 -5.1544763e-02
 -2.7175957e-02
  4.9885221e-02
  2.0977646e-02
 -2.6113758e-02
 -4.8152804e-02
 -2.7771050e-02
  3.5816610e-02
  1.0797603e-01
  3.2610195e-03
 -3.0681193e-02
 -1.5000643e+00
  3.5286739e+00
 -5.0708644e-02
 -2.2759273e+00
 -2.5317156e-01
  9.2092949e-01
 -1.8352726e+00
 -4.1512094e+00
  2.8408557e-01
  2.6132340e-02
 -4.3098417e-01
 -1.5246975e+00
 -8.7955737e-01
  2.7495437e+00
 -1.6102172e-01
 -4.3371655e-02
 -1.7428117e+00
  2.7896634e-01
  2.3652675e-02
  5.7708784e-03
 -4.9700355e-03
  3.4050224e+00
 -1.3531159e-02
 -1.0854372e+00
  1.8148838e-02
 -2.0687284e+00
  2.0328354e-02
 -9.7326559e-01
  1.0180559e-01
  2.4353011e-01
 -1.7709365e+00
  2.7981940e-01
  5.0296462e-01
  3.3040079e-01
  1.5040003e+00
  3.5281203e+00
  7.3213419e-03
 -4.9649682e-02
 -3.9156860e-01
 -2.7367083e-02
  2.5223201e-02
 -3.8397450e-02
 -2.3353045e+00
 -3.5711031e-02
  2.8183994e+00
 -1.1952908e-01
  1.4991678e-01
 -6.9128245e-02
  1.6687997e-02
  1.1114778e-01
  9.4981246e-02
  7.9609937e-04
 -3.1549186e-02
  1.0843811e-01
 -1.7140256e-01
 -3.6068699e-01
  1.9396659e-03
  2.5954642e+00
  2.5490003e-03
 -5.1505870e-01
  4.1033283e-01
  7.1648097e-01
  3.5785716e-02
  1.2746693e-02
  4.7470953e-02
  1.1393743e+00
 -1.0454543e-02
 -2.9999331e-02
  1.4547566e-02
  2.4794823e-02
 -4.7969628e-02
  1.0439634e-01
  8.2889371e-02
 -8.6694565e-03
 -4.9692847e-02
 -8.9468829e-02
  4.4266634e+00
  6.2358204e-02
 -2.9727833e+00
  2.6425591e-03
 -7.7082321e-02
  1.1474296e-02
  3.0347517e-02
 -3.3581782e-02
  8.9840569e-02
 -7.2691731e-02
 -1.0778597e-01
  6.0979710e-03
 -9.3109710e-03
  6.3796252e-02
  2.5027385e-02
 -1.0555079e-02
 -9.0242490e-02
  2.1327133e-03
  2.1310480e-01
 -3.1167792e-02
 -4.2489110e-03
  1.2079449e+00
 -6.7097533e-01
  4.5357901e-03
  1.2660872e+00
 -2.5970176e-02
  3.0943975e-02
  1.0335242e-02
 -1.3955697e-02
  1.3391507e-02
 -3.1337752e+00
 -4.1766550e-02
 -3.3446336e+00
  2.9376596e-01
  1.7015179e+00
  3.5001643e+00
 -7.3380899e-01
  2.4946067e+00
 -2.3862965e-01
 -3.7199621e+00
 -9.5993757e-01
 -3.4344137e-02
  2.3583899e-01
 -2.0391088e-02
 -3.4535535e-02
 -2.1649384e+00
  3.2858804e-02
  1.4304323e-01
  2.2745911e-02
 -2.8076158e+00
  8.9329332e-03
 -9.4299829e-03
  3.3038933e-02
  2.8752708e+00
 -4.3293942e-02
 -7.8665507e-01
 -2.9033978e-02
  2.9508796e+00
 -8.1351429e-02
  2.8425581e+00
  4.9563438e-02
  2.9793224e+00
  1.6141428e+00
 -3.1281946e+00
 -9.3783104e-01
 -2.8878359e-02
  1.8313468e-01
  4.2147166e-03
  1.9946618e-01
 -5.8085304e-01
 -1.6386604e+00
 -5.9800363e+00
  1.4683008e-02
  1.1067286e+00
  1.9699558e+00
  3.2263772e+00
 -2.9196283e-01
 -4.0166881e-03
 -2.1673629e-02
  1.6731430e+00
  8.1292115e-02
 -6.1045843e-03
  1.8838312e-02
 -2.7470021e-02
  4.5445494e-04
 -6.6868967e-04
  1.0361377e+00
  1.7998114e-01
 -1.3105760e+00
 -1.0057818e+00
 -3.3425462e+00
  4.5915329e-01
 -1.8736997e+00
  1.8183023e+00
 -4.0759754e+00
 -2.1310292e-01
  5.0517820e-02
  3.0766737e-03
  1.1435867e-02
  7.0674695e-02
  6.0958121e-02
 -3.4271564e+00
 -3.3668131e-01
  1.5988451e-01
  9.4759278e-03
 -4.9962249e-02
 -2.2795491e-02
 -2.3350256e-02
  5.3316209e-02
  1.7710279e-01
 -2.1364343e+00
  5.2287322e-01
  7.7868544e-02
  4.8997141e-02
  2.3260221e-01
 -8.1422336e-02
  2.5215000e-01
 -3.9799228e-02
 -3.0112764e-01
 -2.0607422e-01
  1.7911175e-01
 -6.8086207e-02
 -5.2603733e-02
 -6.0394645e-01
  1.5649862e+00
 -4.6931660e-01
  5.4169189e-02
 -1.7502041e-01
 -1.3745004e+00
  2.5752432e+00
 -5.4600026e-02
 -6.8119839e-02
  3.0928237e-02
 -1.8017361e-02
  2.8000605e+00
  1.0438991e-02
 -1.0258824e-02
 -6.6669361e-04
  1.0067963e-01
  1.2225076e-02
 -1.4557308e-01
  1.1238806e+00
  1.0080688e+00
 -1.1682059e+00
  2.2722811e-02
 -9.2961669e-02
 -5.1005926e+00
 -2.1569071e+00
 -1.0913873e+00
  2.6409442e-02
 -1.7515985e-02
  2.6109893e-02
  1.0414495e-01
 -3.2166052e+00
  5.4323774e-02
  4.0265027e-02
  1.9702695e-02
 -9.5361173e-02
 -1.3635021e-02
  1.2738387e-01
  5.0770879e-01
 -6.8830786e-04
 -1.7783156e-01
  2.9112194e-02
  3.7922848e-02
  7.1554452e-01
 -1.4356722e+00
  2.4926228e-02
  2.8665219e-03
  8.6159807e-01
  6.4471710e-01
 -1.1158186e+00
  7.6422073e-02
 -4.6036277e+00
 -1.3495682e-01
 -2.4878938e-01
  3.7060339e-02
  2.2449076e-02
  3.1595923e-02
 -4.0462889e-02
 -7.7131584e-02
  5.1286146e-03
  2.4063769e-03
  5.1988769e-02
 -1.3227317e-02
  5.8629084e-02
  3.1275377e-02
  4.9005862e-02
  7.4157026e-03
 -1.1550847e-02
  1.9118600e-02
 -5.0268579e-02
  2.8984547e-01
  4.4285762e-01
 -1.8142153e+00
 -3.0948925e+00
 -9.3039763e-01
  3.9725275e+00
 -2.3017153e-01
 -1.1049823e+00
  9.3343389e-01
 -2.8067961e+00
 -5.6655273e-02
  4.3613203e-02
 -5.3596769e-02
 -2.0213432e+00
  1.9762023e-01
 -2.0539610e+00
 -3.1621788e+00
  1.2850887e-01
  1.9040234e+00
 -1.0345542e+00
 -8.9176553e-01
 -1.4871443e-03
 -2.3232505e-01
  1.2639639e+00
  1.1013966e-02
 -1.9603465e+00
 -1.6722420e+00
 -1.9721057e-02
 -5.9836335e-03
  7.9681498e-01
  8.0381371e-02
 -2.1711761e-02
  1.6304835e+00
  1.7447671e-01
 -4.5363250e+00
  7.7622986e-01
  5.2846360e-01
 -4.5920204e-02
  3.5116634e-01
  2.2129342e-01
 -5.5139709e-02
 -2.0567453e+00
 -4.8874801e-01
  3.4639053e+00
 -1.5352738e+00
 -1.5655622e+00
 -1.7756662e+00
  2.7837893e-03
  1.5928558e-03
  3.1910168e-03
  2.0792779e-01
 -3.5344042e-02
  5.7041919e-01
 -2.6403554e-03
 -3.3923174e-04
 -3.7842404e-02
 -4.2605898e-03
  6.5495603e-02
 -2.7927319e-02
  3.2098580e-02
 -3.3987958e-02
  1.3145486e-01
  6.1340939e-02
  9.6985117e-02
  6.9795310e-02
  9.6950849e-04
 -9.9593699e-02
 -4.7229238e-02
  3.6353737e-02
 -9.9813446e-02
  4.2048465e-02
  2.6193896e-02
  6.7938462e-02
 -8.2854638e-03
 -4.0447865e-02
 -6.0122147e-02
 -2.6765954e-01
  8.0877036e-02
 -4.6983797e-02
  6.5947600e-02
 -3.4009859e-02
  1.0826875e-02
 -4.1982815e-02
  1.4983659e-02
  3.2662638e-02
  9.7823888e-03
 -4.0617485e-02
 -5.7910606e-03
  1.3734498e-02
  1.3237255e+00
  1.0716309e-02
  6.8401702e-02
 -2.1142667e-02
 -5.4631557e-02
 -3.4144446e-02
 -2.7831012e-02
  6.8738282e-02
  7.8013483e-03
  3.0915696e-02
  1.8726272e-03
  1.5549173e-02
  4.3466598e-02
  4.5106327e-03
  7.9048342e-01
  1.7995466e-02
 -4.8626620e-02
  6.3811950e-03
  5.2158639e-02
 -2.3410162e-02
  8.1869280e-03
  2.0813337e-02
 -3.1528290e-02
  3.6164869e-02
 -3.4768353e+00
  2.3417909e-01
 -4.9452916e-02
 -1.2057228e-01
 -5.9047304e-02
  6.1108597e-02
  6.4060450e-02
  3.2889199e-02
 -1.1598124e-02
 -2.7323877e-02
  3.4967184e-02
  8.0428654e-03
  3.9659603e+00
 -3.7792873e-02
  3.8793884e-02
  1.8340170e-01
 -3.0978246e-02
 -2.8093118e-02
  4.9810790e-02
 -7.9332478e-02
  3.8194183e-01
  3.6040094e-02
  4.3309845e-02
  9.3961991e-03
 -2.5463462e-02
  2.1784021e-02
  6.6775940e-03
  1.9504797e+00
  5.4217279e-02
  1.8300866e-03
  1.4994579e-02
  1.3992354e-01
 -5.3411607e-02
 -9.7300500e-02
 -4.3283120e-02
  1.6412020e+00
 -2.2177370e-02
  2.4101788e-02
  5.2277755e-02
  2.0827124e-02
  1.0885489e-01
 -2.7573898e-02
 -3.4800018e-05
  8.3558470e-02
 -6.5320969e-02
  1.4099477e-02
 -1.0586623e-02
 -1.0224894e-03
 -3.5485283e-02
 -5.6062248e-02
  9.7850464e-02
 -1.2540710e+00
 -4.3203121e-01
 -2.1224013e-02
  1.2421931e-01
 -3.4868629e+00
 -1.1562198e+00
 -1.6143347e-01
 -8.8794088e-01
 -1.8040706e-01
 -6.5387100e-02
  4.4845898e-02
 -4.3467134e-02
  1.1882968e-01
  4.3871455e-02
 -1.3847779e-01
 -1.4396459e+00
  1.3338066e-02
  4.9866480e-03
  2.2927431e-02
  1.6544046e-02
 -3.9843440e+00
  5.1194108e-03
  4.8096094e-02
  7.6736599e-01
 -2.1826066e-01
 -4.2441807e+00
  1.5111486e+00
  1.0177434e-01
  1.5873024e-01
 -9.5349386e-02
 -1.2445198e-02
  8.0482878e-02
  6.9316107e-01
  3.9613523e-02
 -4.4194189e-01
 -4.6703529e-02
 -1.2970017e+00
 -1.5323319e+00
 -1.1364576e+00
 -3.2448772e-01
  6.7950018e-02
 -9.4513327e-02
  4.8130260e+00
 -1.5988666e-01
  2.5500009e-02
  2.9360389e-02
 -5.8603700e-02
 -1.8272565e-03
  5.3927127e-02
  1.1674464e+00
 -5.3290166e-03
  1.0089787e+00
  4.3404728e-02
  2.6508415e-02
 -3.8921776e-01
 -1.6426597e+00
 -5.0079542e-01
  1.3634875e+00
 -3.5686200e+00
 -4.8715547e-02
  1.9674535e+00
  9.6241200e-01
  1.1659626e-01
  1.9665459e-02
 -1.0838802e-01
  4.5703673e+00
  9.0063782e-03
 -6.3129105e-02
  1.5588820e+00
 -2.7443874e+00
 -1.3782220e+00
 -4.1416876e-02
 -2.5054466e-02
  5.2458000e-01
  5.8086205e-01
  5.4159313e-01
 -5.0500721e-01
 -3.3230577e-02
  1.6308683e-01
 -3.6044186e-01
  9.4294576e-03
  5.8314843e+00
 -1.0249362e+00
 -1.2637784e+00
  5.5452180e-03
  1.9413328e-02
  9.5635712e-01
  2.3464004e-02
  5.2641654e-01
 -1.1225089e-02
  1.2297456e+00
  6.8840492e-01
  2.1716915e-01
  3.9545843e-01
  9.6453130e-02
 -9.8384577e-01
  8.5929966e-01
  9.5108286e-02
  1.1065684e-01
 -1.1176539e-02
 -1.5419789e-01
  6.8534359e-02
  1.5368274e-05
 -9.5320225e-02
 -8.0770558e-01
  9.2534259e-02
 -9.3035102e-03
 -1.3136250e-02
 -2.3349731e-03
  4.5372515e+00
  1.0532515e-01
 -1.4032098e+00
 -8.3889132e-03
 -4.9910769e-02
 -1.8084258e-01
 -7.4255623e-02
 -6.9245142e-01
 -9.3167000e-02
 -6.5564245e-02
  5.7259224e-02
  1.1713428e-01
 -4.7119752e-02
  7.3973678e-02
 -5.3902599e-03
 -7.3395856e-02
  5.7238933e-02
 -1.2831863e+00
  4.1212685e-02
  1.7758530e-03
  1.3589820e+00
  1.7220587e-02
 -2.3715794e-02
 -7.6602913e-02
 -7.3659658e-02
  2.6694225e-02
 -2.3548502e-02
  1.1522611e-01
  1.0658388e-01
  7.1625337e-02
 -1.3006901e+00
  1.4833498e-02
  1.9228135e+00
  3.2704450e-02
  7.5383648e-02
 -5.4402289e-04
 -2.2592353e-02
 -3.2159224e-02
 -1.3432916e-01
  1.4277065e-01
 -2.8099155e-02
 -1.9368816e-02
 -4.9240127e-02
 -4.2251505e-02
  8.2091808e-01
  4.7025505e-02
 -1.1419891e-02
  2.0097119e-04
  6.4686835e-02
  2.5939882e-02
  1.5707081e-02
  6.8995636e-03
  1.4052521e-02
  4.0709782e+00
  1.6736820e+00
 -1.6942230e-01
 -2.5743406e+00
  2.0165396e+00
 -1.7512034e-01
 -2.7506628e+00
 -4.6892672e+00
 -2.2766356e+00
  2.6837025e+00
  1.3064415e+00
  4.8775463e+00
  9.4074821e-01
 -2.0626423e+00
 -1.7796350e+00
 -4.1696388e-01
 -3.0506353e+00
  8.3660322e-01
  4.1454071e-01
 -2.0775685e+00
 -1.8721788e+00
  4.2915016e-01
 -2.6290572e+00
 -7.2377509e-01
  2.4795153e+00
 -7.3968709e-01
 -2.9408734e+00
 -7.1665275e-01
 -2.4066603e+00
  1.5674111e+00
 -4.2440319e-01
  2.2744420e+00
 -4.0774484e+00
 -1.7141954e+00
 -1.2687831e+00
  3.5746467e-01
  3.2259526e+00
 -2.2647986e+00
 -1.6662480e+00
 -1.4344300e+00
  1.8509903e+00
 -1.0694213e+00
 -5.1992536e+00
 -1.8175445e+00
  4.7019506e-01
  2.5655632e+00
 -2.0837629e+00
  1.7003053e+00
 -5.1438661e+00
 -2.0934796e+00
  2.5734160e+00
 -5.2102143e-01
 -7.0762050e-01
  2.0576653e+00
  1.1330682e+00
  2.2451499e+00
  5.7174033e-01
 -2.8669396e-01
  2.4483023e+00
  1.6015537e+00
 -2.7506393e-01
  1.9399781e+00
 -2.0616202e+00
  2.8763621e+00
 -1.7928934e+00
  2.8204610e+00
  1.0708394e+00
  1.7869310e+00
  1.8751944e+00
 -1.9689933e+00
 -2.7532341e+00
 -1.2880827e+00
  2.4538517e+00
  2.0460889e+00
  2.1353753e+00
  2.2508116e+00
  5.1852894e-01
 -4.0600624e+00
  1.7766750e+00
 -2.8951728e+00
 -4.9931893e+00
  6.4773476e-01
 -2.2283614e+00
 -1.4884535e+00
 -2.2017736e+00
  3.5722921e+00
  5.5111260e+00
  1.9726425e+00
 -1.1059563e+00
 -1.2941222e+00
  4.2394042e+00
 -7.6803941e-01
 -3.4410989e+00
 -4.6706311e-02
  1.9521164e+00
 -2.9575915e+00
  6.9786482e-03
  2.1143572e+00
  2.3973918e+00
 -1.8264513e+00
 -8.7183863e-01
 -6.4105891e-02
  3.4867236e-01
  3.4456906e+00
 -5.6129365e+00
  1.0289091e+00
  1.3816270e+00
  3.9555621e+00
  1.1972862e+00
 -1.9077373e+00
 -3.9458539e+00
 -2.0109715e+00
 -1.5719373e+00
  2.8982868e+00
 -1.4964746e+00
 -2.3659487e-01
  1.3329569e+00
 -1.5961595e+00
 -2.4640226e+00
  3.0603476e+00
  1.9023687e+00
 -1.8318269e+00
  3.6187854e+00
  8.4343374e-01
 -3.9474473e+00
  4.5916283e-01
  1.7466902e+00
  1.1075002e+00
 -2.1472165e-01
 -1.5034888e+00
  5.1041745e-02
 -6.7189989e+00
  2.5552912e+00
  1.9931314e+00
 -2.2274055e-01
 -4.4285388e+00
 -3.8780420e+00
  5.5802946e+00
  2.6359780e+00
  1.9962119e+00
 -4.1762319e-01
  4.1879663e+00
  5.3871977e-01
  3.7685804e+00
 -1.6225991e+00
 -7.5468767e-01
  3.3307602e+00
 -9.4608074e-01
  2.6617997e+00
  2.8565989e+00
 -5.2430353e+00
  3.9618533e+00
  2.5222051e+00
 -8.8815176e-01
 -3.2120075e+00
 -3.8975816e+00
 -1.0356005e+00
  6.3090599e-01
 -3.1735363e+00
 -6.4917070e-01
 -1.7366773e+00
 -2.4886286e+00
  1.1071601e+00
 -1.3507665e+00
  3.3683343e+00
 -2.3291864e+00
 -7.2872609e-01
 -3.3034637e+00
 -2.7881265e+00
  1.4550656e+00
  2.7722764e+00
  5.8668774e-01
 -3.1533942e+00
 -3.8673666e+00
 -2.5794942e+00
 -1.9639552e+00
 -6.6510600e-01
  2.2650614e+00
  1.8921714e+00
  8.3430064e-01
  2.9965365e-01
 -6.9083649e-01
  2.4151504e+00
  2.9291546e+00
  1.0821183e+00
 -1.8323313e+00
 -2.7710979e+00
 -5.6500679e-01
  6.9716483e-01
  1.1793854e+00
 -5.5671316e-01
 -9.5225608e-01
  8.7287223e-01
  7.5422806e-01
 -1.5148062e+00
  1.2446045e+00
  7.6131135e-02
 -2.2103627e+00
 -1.7125385e+00
 -2.3719919e-01
  1.6656142e+02
  9.9934471e-01
 -3.3322346e+00
 -4.7552972e+00
 -1.9785849e+00
 -2.5677164e+00
  1.0506194e+00
  3.4133213e+00
 -1.0539197e+00
 -2.4745977e+00
  1.5123593e+00
 -1.3908843e+00
 -2.2536268e+00
 -2.6096728e+00
  7.8095978e-01
 -3.0572135e+00
  5.5999392e-01
 -2.0037148e+00
 -1.8033969e+00
 -2.9520351e-01
  3.4070873e+00
  1.2990104e+00
  2.6823077e-01
  1.5660951e-01
 -2.6354818e+00
  7.0497471e-01
 -1.6923947e-02
 -5.4480153e-01
  1.2715228e+00
 -1.3662550e-01
 -7.3593581e-01
 -5.2832074e+00
 -2.5619328e+00
 -4.2261481e-01
 -8.9174944e-01
 -1.1269900e-01
 -1.4819725e+00
 -1.4289364e-01
 -2.4494450e-01
 -1.1503000e+00
  1.1981076e+00
  1.5431250e+00
 -3.5543156e+00
 -5.4258018e+00
  7.9399139e-01
  1.2174613e+00
 -9.6557760e-01
 -6.3131675e-02
 -1.1795104e-01
 -4.8032287e-01
 -1.1114926e+00
 -1.6809438e+00
  3.0338228e-01
 -1.0374244e+00
 -3.0777962e+00
  7.8620844e-02
  1.6402453e+00
 -6.1033839e-01
 -2.2545550e+00
 -2.6618315e-02
 -1.5550933e+00
  3.0072218e-01
  1.3704932e+00
  3.4255823e-01
 -1.6808125e+00
  2.7140558e-02
 -1.1509139e-01
 -1.1247087e+00
  5.4153478e-01
  8.4460557e-02
  2.5421689e+00
 -1.5367128e+00
 -7.0077932e-01
  7.5689524e-01
  3.2202083e-01
 -2.6601136e+00
  9.9077217e-02
 -1.2772368e-01
  6.9593835e-01
  1.3770622e+00
 -3.7608800e+00
 -2.3693054e+00
 -3.9846981e+00
  3.1047587e+00
 -2.4338822e+00
 -9.2960191e-01
  1.0290518e+00
  6.6171157e-01
 -3.1763008e-01
 -5.6424141e+00
 -2.0171125e+00
 -2.7672260e+00
  5.0011969e+00
 -3.9567816e-01
  1.1211351e+00
 -6.1287105e-01
  1.6555618e+00
  3.0542142e-03
 -3.6445501e-01
 -6.7252475e-01
  1.4065801e+00
 -5.8159691e-01
  1.2489643e+00
  3.0380728e+00
 -3.3834785e-01
  1.0507149e+00
  1.3078110e-01
  2.6040912e+00
 -9.8230571e-01
  1.2558596e-01
 -2.8947039e+00
  3.1663430e+00
 -1.0245144e+00
  2.1693838e+00
 -9.5950872e-01
 -2.1327910e+00
 -1.4573414e+00
  2.3100019e-02
 -8.0000985e-01
  5.1248503e+00
  1.3435252e+00
  6.4056230e-01
 -8.1710941e-01
  4.0772083e-01
  1.2225463e+00
  1.0245920e-01
 -6.5787544e+00
  3.1492720e+00
 -3.4425044e-01
  7.1161732e-02
  8.7042403e-01
 -1.1769023e+00
 -1.8388107e+00
 -4.5120788e-01
 -3.5973826e-01
  3.0700355e+00
 -4.5178595e-01
 -1.3661779e+00
  2.2421631e-01
  3.5534678e+00
 -3.7579238e-01
 -4.1044989e-01
 -9.8252833e-01
 -5.1210988e-01
 -6.1690915e-02
 -7.1085513e-01
 -2.2693343e+00
 -2.2484265e-01
  1.4985546e-01
  1.3314366e-01
 -2.0090046e+00
  1.4159079e+00
 -5.9573931e-01
  6.8965685e-01
 -4.7463462e-01
  1.6501514e+00
  2.4472148e+00
  9.4109023e-01
  2.2253665e-01
 -9.6189898e-01
 -3.5327346e+00
 -1.2665201e+00
 -1.1507343e+00
 -6.1835527e-01
  4.3833315e-01
  5.4907566e-01
 -7.6470935e-01
 -2.8559942e+00
  1.0321320e+00
 -2.0836827e-01
  8.0997986e-01
  2.2304571e+00
  4.6927723e-01
 -6.4071763e-01
 -1.1242007e+00
  3.2987077e+00
 -8.0401950e-02
 -5.3012556e-01
  1.2218819e+00
  1.4600048e+00
  1.6535251e+00
  1.0925494e+00
 -1.8004242e+00
 -2.9158416e+00
 -1.5398499e-01
  6.2045395e-01
 -3.9874060e+00
 -2.0295259e-01
 -1.5447097e-01
  1.5931492e+00
  1.7780565e+00
 -2.2786252e+00
 -7.0687181e-01
 -8.7762493e-01
 -1.3241628e-01
 -2.0219884e+00
 -1.8307636e+00
 -1.0509480e+00
 -1.3863070e+00
 -2.3294246e+00
  9.1704643e-01
  6.9287217e-01
 -8.2451868e-01
  3.2706097e-01
 -4.8376092e-01
 -6.5895878e-02
 -2.3969164e+00
 -9.4681346e-01
  8.8783020e-01
 -7.7639914e-01
 -2.5416148e+00
  2.4783526e-02
 -1.2382141e+00
  1.3727148e-01
  1.5921026e-01
 -9.0964866e-01
  2.6930219e-01
  5.7848150e-01
  7.8864568e-01
  4.7473800e-01
 -1.4360474e+00
 -1.1792595e+00
 -2.6793275e+00
  3.5741456e+00
  1.5582427e+00
 -1.5004313e-01
  8.2578558e-01
 -2.1304979e+00
 -7.0049429e-01
 -2.1072628e+00
 -1.2936615e+00
 -4.8266072e-02
 -1.3256476e+00
  6.3352019e-01
 -4.1122422e+00
  8.2946557e-01
  1.3817948e+00
  1.6510279e-01
 -8.3603215e-01
 -1.4368202e-01
 -1.6344583e+00
 -1.4265021e+00
 -1.4755304e-01
  1.8436125e-01
 -1.0160552e+00
  7.2989118e-01
 -3.7853444e+00
  2.8627732e+00
 -1.1450408e+00
  8.5896164e-01
 -1.6732951e+00
  5.2103259e-02
 -1.7025903e+00
  1.4596757e+00
  1.5795548e+00
  3.9846289e+00
  1.2891017e-01
 -2.4083302e+00
  1.2440279e+00
  1.4273887e+00
  7.9739660e-01
 -1.1034323e+00
 -1.5057018e+00
 -4.3063483e+00
  5.7262743e-01
 -7.6140195e-01
 -3.5359066e-02
  2.1103148e+00
  2.5416081e+00
 -1.2803439e+00
 -1.2663071e+00
  1.0543896e+01
  1.8077615e+00
  2.1947210e+00
  3.2800589e+00
  6.6353846e-01
  3.3109531e-01
  9.3417180e-01
 -7.6814109e-01
  1.2567228e+00
  2.6419663e-01
  1.0052825e+00
 -8.1900567e-02
  6.7970026e-01
  1.4277105e+00
 -1.3807641e-01
 -2.5904231e+00
 -1.1727669e+00
  2.4473748e+00
  1.3216974e+00
  1.8197211e+00
  1.7047665e+00
  2.4790709e+00
  5.3541744e-01
  2.0683267e+00
  1.6186657e+00
 -9.2811030e-01
 -3.3241343e+00
  1.5003686e+00
  2.0621698e+00
  1.6846603e+00
 -4.5613311e-02
 -1.9197065e+00
  2.4761579e+00
  7.7026205e+00
 -1.5894568e+00
  1.4825509e-01
 -3.1606752e-01
 -8.1294513e-01
 -1.3049687e-01
  5.6176620e+00
  8.0673558e-01
 -1.2327433e+00
 -3.9265677e-01
  2.9669731e+00
 -1.1879660e-02
 -2.2482042e+00
  5.0280058e-01
 -5.1757623e-02
  2.2246277e+00
 -2.5857489e+00
  1.0980500e+00
 -7.8380413e-02
  3.0256252e+00
 -7.5993687e-01
  9.1318607e-01
  1.8886764e-02
  2.3567932e+00
  1.4542794e+00
 -3.1703341e-01
  2.8531697e+00
 -3.5644865e+00
 -1.7405134e+00
  5.3213233e-01
 -1.9836954e+00
 -2.7641461e+00
 -1.6481711e+00
  1.6716675e-01
 -2.9488442e+00
 -5.8367008e-01
  2.1905243e+00
  9.7646654e-02
  1.6229345e+00
  2.1392846e+00
 -8.4865522e-01
  1.0513177e+00
  2.7437668e+00
  1.5117393e+00
 -2.1221619e+00
  1.0301123e+00
  1.7773525e+00
  1.8465635e-01
 -1.5654858e+00
  1.0700927e+00
 -6.4937752e-01
 -9.9858570e-01
  5.7054192e-01
  4.6668249e-01
  8.3099745e-02
 -4.1373444e-01
  2.0036939e-01
 -7.6252943e-01
  5.2684549e-02
  8.1123215e-01
  1.7717208e-01
 -1.1251409e+00
  9.4715111e-02
 -1.7608829e+00
 -1.5572253e+00
 -2.2017449e-02
 -1.9519864e+00
 -6.0386759e-01
 -3.2638061e-01
  5.0552410e-01
 -3.7249857e-01
  1.0179152e-01
  6.0746723e-01
 -1.3697143e-01
  1.6484858e+00
 -8.9416355e-02
 -2.0717058e-01
 -4.1881117e-01
 -1.4299795e-01
 -5.9009671e-01
  1.1123916e+00
 -4.4979393e-01
 -7.7886343e-01
 -1.8425630e+00
 -6.9343609e-01
  7.2985840e-01
  1.7678548e+00
 -1.1739017e+00
 -8.8393605e-01
  3.6076659e-01
  2.0380807e+00
 -3.0779877e-01
 -3.3520272e-01
  1.2824074e+00
  2.1365283e+00
  1.5061033e+00
  1.1687988e+00
  2.4205720e-01
 -7.2743058e-02
 -1.2346346e+00
 -1.1690793e+00
 -2.5451739e+00
 -2.0502989e+00
  2.2935669e+00
 -4.2486444e+00
 -3.2070312e-03
 -1.0808118e-02
 -2.1553802e-01
  2.2550076e-01
  1.9349575e+00
 -1.4032031e+00
 -6.2092286e-01
 -7.4572217e-01
 -3.4704569e-01
 -1.1887422e+00
 -2.3481072e-01
 -1.2034320e+00
 -8.0457968e-01
 -1.5245372e-01
  5.2704388e-01
 -2.9980472e-01
  2.0471145e-03
  8.7525862e-01
  9.0079105e-01
  7.4155533e-01
  1.2717860e+00
  1.4552495e-01
  9.9025875e-01
  7.7899426e-01
  3.1229731e-01
  7.0417112e-01
  8.8975596e-01
 -1.2507826e-01
 -2.6790011e+00
 -1.2082449e+00
 -1.2927526e-01
  2.2034097e+00
  2.7635820e+00
 -8.9386123e-01
  2.4252501e+00
  4.2265373e-01
 -8.8257438e-01
 -5.0413382e-01
 -1.6532190e+00
 -3.0385800e-02
 -1.8224468e+00
  1.1862423e+00
 -8.4134400e-01
  1.3106067e+00
 -1.4806583e+00
 -5.0255036e-01
 -2.2104312e-01
  6.3625139e-01
 -7.3302674e-01
 -3.6689335e-01
  2.4104702e+00
  9.8982161e-01
 -6.5201044e-01
 -3.4866503e-01
  2.2126667e+00
  2.6257917e-01
  1.1829554e-01
  3.8461873e-01
  1.2150706e+00
 -7.9124558e-01
  1.3148813e+00
  2.7533436e+00
 -2.1159728e+00
  7.4118935e-02
 -2.7905021e+00
 -6.0253038e+00
  2.9518383e+00
  2.5724123e+00
  2.4019084e+00
  5.7957869e-02
  2.5049913e+00
  3.6307321e+00
 -9.1855955e-01
 -4.4987229e-01
  9.6484762e-01
 -6.4332294e-01
  2.4307811e+00
 -2.0158761e+00
 -5.0378966e+00
 -3.0110528e+00
 -6.8007171e-01
 -2.2916234e+00
 -7.6100677e-01
 -2.4565818e+00
 -1.8769133e+00
 -2.2336267e-01
  6.9879103e-01
  1.1986672e+00
 -6.3498861e-01
  2.8434372e-02
  1.6148816e+00
  1.0030891e+00
 -1.0864776e-01
 -5.0287473e-01
  5.6750900e-01
  4.4373325e-03
  1.0608093e+00
 -9.9350750e-01
 -1.2102411e+00
 -3.6990669e-01
  2.5759833e+00
 -3.2317483e+00
 -1.3850253e+00
 -1.2890501e+00
 -3.8236964e+00
  7.2144049e-01
  4.8244100e+00
 -1.4406236e+00
 -1.1306651e+00
  1.9984267e+00
  9.1806352e-01
  5.0067353e-01
  4.1167479e+00
  1.0525306e+00
  3.1951427e+00
  1.4829901e+00
  2.7119553e+00
 -6.7101556e-01
  1.8646476e+00
 -9.4418883e-01
  6.9685094e-02
 -1.4781651e+00
  9.6651900e-01
  5.9306633e-01
 -1.0102181e+00
  2.1253829e-01
 -1.6364582e-01
 -7.1474600e-01
 -2.8249493e-01
  6.3891727e-01
  2.4746230e-01
  8.5283643e-01
 -2.8131843e-01
  1.4205045e+00
  1.4204931e+00
  1.1351926e+00
 -2.1501262e-01
  4.9579775e-01
  6.1928678e-01
 -2.2039790e+00
 -1.7376087e+00
 -1.8037867e-02
 -3.5391133e+00
  2.1871648e+00
 -4.5707464e-01
 -1.2286123e+00
 -6.0428309e-01
  2.6267067e-02
 -2.0613911e+00
 -2.5005677e+00
 -2.3227711e+00
 -7.7313983e-01
 -1.0295252e+00
  1.8331848e-01
 -2.2307930e+00
  6.1645800e-01
 -2.1296175e+00
 -1.0792820e+00
 -1.0985850e+00
 -1.0672130e-01
  4.0135661e-01
  3.9512891e-02
  1.9272594e-01
  4.0975460e-01
  1.4980943e+00
  3.2976943e-01
  4.3906143e-01
  1.7938201e-01
 -1.3666396e+00
  8.4876561e-01
  3.7675595e+00
 -8.1029058e-01
  3.7621003e-01
  1.8300177e+00
  1.9593034e+00
  1.6420457e+00
  1.4257427e+00
  1.9703431e+00
 -6.3709629e-01
  4.9495635e+00
  1.8268386e+00
 -1.4624314e+00
  9.8679823e-01
  3.4535770e+00
 -2.2908483e+00
 -2.2777867e+00
 -1.4454379e+00
  1.8426030e+00
  1.2340833e+00
 -1.1078764e+00
 -7.7256024e-01
 -1.3876926e+00
  1.1613184e+00
  8.7489939e-01
 -1.5788233e+00
 -1.7582353e+00
 -1.9697295e-01
  2.4627258e-01
 -6.8237120e-03
 -1.8997163e+00
 -7.1065748e-01
 -4.8391739e-01
  9.2705190e-02
 -8.2284963e-01
  4.5582965e-01
  3.0592061e-03
 -4.6797526e-01
 -2.1785079e-01
  2.8476610e+00
  6.6690862e-01
  5.3886968e-01
 -1.5784484e+00
 -1.6501212e+00
 -2.1741140e+00
  3.6661434e+00
 -1.9466275e-01
  2.1834250e-01
  9.6626043e-01
  1.0156193e+00
 -9.5479918e-01
 -2.7596433e+00
  7.9057115e-01
  1.1712490e+00
 -1.4428568e+00
 -1.7966341e+00
  5.5221820e-01
  5.7729211e-02
 -1.4107434e+00
  1.8896949e+00
  1.4335212e-01
 -1.0500829e+00
  3.1666872e-01
  3.2807343e+00
  9.0028599e-02
 -1.2294811e+00
  8.3421451e-01
 -6.3617659e-01
  1.6267119e-01
 -5.7484812e-01
  6.5865183e-01
  1.3399513e-02
  1.3399513e-02
  1.3399513e-02
  1.3399513e-02
  1.3399513e-02
  1.3399513e-02
  1.3399513e-02
  1.3399513e-02
  1.3399513e-02
  7.2979137e-02
  7.2979137e-02
  7.2979137e-02
  7.2979137e-02
  7.2979137e-02
  7.2979137e-02
  7.2979137e-02
  7.2979137e-02
  7.2979137e-02
  2.2433631e-02
  2.2433631e-02
  2.2433631e-02
  2.2433631e-02
  2.2433631e-02
  2.2433631e-02
  2.2433631e-02
  2.2433631e-02
  2.2433631e-02
  1.9834403e-02
  1.9834403e-02
  1.9834403e-02
  1.9834403e-02
  1.9834403e-02
  1.9834403e-02
  1.9834403e-02
  1.9834403e-02
  1.9834403e-02
  1.2093818e-02
  1.2093818e-02
  1.2093818e-02
  1.2093818e-02
  1.2093818e-02
  1.2093818e-02
  1.2093818e-02
  1.2093818e-02
  1.2093818e-02
  1.2016691e-02
  1.2016691e-02
  1.2016691e-02
  1.2016691e-02
  1.2016691e-02
  1.2016691e-02
  1.2016691e-02
  1.2016691e-02
  1.2016691e-02
